jlptLevel,japanese,reading,meaning,partOfSpeech,exampleSentence
N5,会う,あう,만나다,word,-
N5,赤い,あかい,"빨갛다, 붉다",word,-
N5,朝,あさ,아침,word,-
N5,後,あと,"뒤, 나중",word,-
N5,言う,いう,말하다,word,-
N5,上,うえ,위,word,-
N5,生まれる,うまれる,태어나다,word,-
N5,駅,えき,역,word,-
N5,大きい,おおきい,크다,word,-
N5,お金,かね,돈,word,-
N5,外国,がいこく,외국,word,-
N5,買う,かう,사다,word,-
N5,学校,がっこう,학교,word,-
N5,火よう日,かび,화요일,word,-
N5,聞く,きく,듣다,word,-
N5,銀行,ぎんこう,은행,word,-
N5,金よう日,きんび,금요일,word,-
N5,国,くに,나라,word,-
N5,車,くるま,자동차,word,-
N5,午後,ごご,오후,word,-
N5,今月,こんげつ,이번 달,word,-
N5,魚,さかな,"생선, 물고기",word,-
N5,四月,しがつ,4 월,word,-
N5,下,した,"아래, 밑",word,-
N5,七月,しちがつ,7 월,word,-
N5,七時,しちじ,7 시,word,-
N5,白い,しろい,"희다, 하얗다",word,-
N5,千円,せんえん,1000 엔,word,-
N5,先生,せんせい,선생님,word,-
N5,外,そと,밖,word,-
N5,空,そら,하늘,word,-
N5,大学,だいがく,대학,word,-
N5,高い,たかい,"키가 크다, 값이 비싸다, 높다",word,-
N5,出す,だす,"내다, 제출하다",word,-
N5,食べる,たべる,먹다,word,-
N5,小さい,ちいさい,크기가 작다,word,-
N5,手,て,손,word,-
N5,出る,でる,나가오다,word,-
N5,電話,でんわ,전화,word,-
N5,十日,とおか,일,word,-
N5,友だち,ともだち,친구,word,-
N5,土よう日,どび,토요일,word,-
N5,中,なか,"안, 속",word,-
N5,長い,ながい,길다,word,-
N5,何人,なんにん,몇 명,word,-
N5,飲む,のむ,"마시다, 삼키다",word,-
N5,入る,はいる,들어가오다,word,-
N5,花,はな,꽃,word,-
N5,人,ひと,사람,word,-
N5,古い,ふるい,"오래되다, 낡다",word,-
N5,本,ほん,책,word,-
N5,毎日,まいにち,매일,word,-
N5,前,まえ,앞,word,-
N5,右,みぎ,오른쪽,word,-
N5,水,みず,물,word,-
N5,店,みせ,가게,word,-
N5,見せる,みせる,"보이다, 보여 주다",word,-
N5,道,みち,길,word,-
N5,見る,みる,보다,word,-
N5,木よう日,もくび,목요일,word,-
N5,安い,やすい,값이 싸다,word,-
N5,休む,やすむ,쉬다,word,-
N5,山,やま,산,word,-
N5,有名,ゆうめい,유명함,word,-
N5,読む,よむ,읽다,word,-
N5,来週,らいしゅう,다음 주,word,-
N5,新しい,あたらしい,새롭다,word,-
N5,行く,いく,가다,word,-
N5,多い,おおい,많다,word,-
N5,会社,かいしゃ,회사,word,-
N5,書く,かく,"쓰다, 적다",word,-
N5,カメラ,カメラ,카메라,word,-
N5,来る,くる,오다,word,-
N5,子ども,こども,"아이, 어린이",word,-
N5,今週,こんしゅう,이번 주,word,-
N5,時間,じかん,시간,word,-
N5,タクシー,タクシー,택시,word,-
N5,電車,でんしゃ,전철,word,-
N5,名前,なまえ,이름,word,-
N5,六日,むいか,일,word,-
N5,レストラン,レストラン,레스토랑,word,-
N5,あした,あした,내일,word,-
N5,あそぶ,あそぶ,놀다,word,-
N5,あたたかい,あたたかい,따뜻하다,word,-
N5,アパート,アパート,아파트,word,-
N5,あまい,あまい,달다,word,-
N5,あらう,あらう,씻다,word,-
N5,おりる,おりる,내리다,word,-
N5,かう,かう,"사다, 구입하다",word,-
N5,かぶる,かぶる,모자를 쓰다,word,-
N5,きたない,きたない,"더럽다, 지저분하다",word,-
N5,きっぷ,きっぷ,"표, 티켓",word,-
N5,きる,きる,자르다,word,-
N5,こうえん,こうえん,공원,word,-
N5,こうちゃ,こうちゃ,홍차,word,-
N5,ごちそうさま,ごちそうさま,잘 먹었습니다,word,-
N5,こちらこそ,こちらこそ,저야말로,word,-
N5,しつもんする,しつもんする,질문하다,word,-
N5,しめる,しめる,문을 닫다,word,-
N5,しゃしん,しゃしん,사진,word,-
N5,シャワーをあびる,シャワーをあびる,샤워하다,word,-
N5,じょうず,じょうず,"능숙함, 잘함",word,-
N5,あるく,あるく,걷다,word,-
N5,いくら,いくら,얼마값,word,-
N5,いそがしい,いそがしい,바쁘다,word,-
N5,いつつ,いつつ,"다섯, 다섯 개",word,-
N5,いぬ,いぬ,개,word,-
N5,いれる,いれる,넣다,word,-
N5,えらぶ,えらぶ,"고르다, 선택하다",word,-
N5,おいしい,おいしい,맛있다,word,-
N5,おきる,おきる,일어나다,word,-
N5,おととし,おととし,재작년,word,-
N5,おふろにはいる,おふろにはいる,목욕하다,word,-
N5,おぼえる,おぼえる,"기억하다, 암기하다",word,-
N5,おもい,おもい,무겁다,word,-
N5,おもしろい,おもしろい,재미있다,word,-
N5,およぐ,およぐ,헤엄치다,word,-
N5,つよい,つよい,"강하다, 세다",word,-
N5,でも,でも,"하지만, 그렇지만",word,-
N5,どういたしまして,どういたしまして,천만에요,word,-
N5,どうぞ、よろしく,どうぞ、よろしく,잘 부탁합니다,word,-
N5,とおい,とおい,멀다,word,-
N5,ときどき,ときどき,때때로,word,-
N5,とまる,とまる,멈추다,word,-
N5,とる,とる,"집다, 잡다",word,-
N5,とる,とる,사진•영화를 찍다,word,-
N5,ならう,ならう,"배우다, 익히다",word,-
N5,なんこ,なんこ,몇 개,word,-
N5,のぼる,のぼる,산을 오르다,word,-
N5,のむ,のむ,"마시다, 삼키다",word,-
N5,のる,のる,"차, 비행기를 타다",word,-
N5,はく,はく,"바지를 입다, 신발•양말을 신다",word,-
N5,しんぶんをよむ,しんぶんをよむ,신문을 읽다,word,-
N5,スカート,スカート,"스커트, 치마",word,-
N5,すき,すき,좋아함,word,-
N5,セーター,セーター,스웨터,word,-
N5,それでは,それでは,그럼,word,-
N5,だいじょうぶ,だいじょうぶ,괜찮음,word,-
N5,たいせつ,たいせつ,"중요함, 소중함",word,-
N5,たくさん,たくさん,많이,word,-
N5,たのしい,たのしい,즐겁다,word,-
N5,たぶん,たぶん,아마,word,-
N5,ちかい,ちかい,가깝다,word,-
N5,ちょうど,ちょうど,"정각, 정확히",word,-
N5,つかれる,つかれる,"피곤하다, 지치다",word,-
N5,つく,つく,전기가 켜지다,word,-
N5,つめたい,つめたい,차갑다,word,-
N5,りょうり,りょうり,요리,word,-
N5,わかい,わかい,젊다,word,-
N5,わすれる,わすれる,잊다,word,-
N5,わたす,わたす,건네다,word,-
N5,わたる,わたる,건너다,word,-
N5,はる,はる,붙이다,word,-
N5,ピアノ,ピアノ,피아노,word,-
N5,ふく,ふく,바람이 불다,word,-
N5,ふつか,ふつか,"일, 초이틀",word,-
N5,べんきょうがしたい,べんきょうがしたい,공부를 하고 싶다,word,-
N5,べんり,べんり,편리함,word,-
N5,ぼうし,ぼうし,모자,word,-
N5,ほしい,ほしい,가지고 싶다,word,-
N5,ほんや,ほんや,"책방, 서점",word,-
N5,まいしゅう,まいしゅう,매주,word,-
N5,まがる,まがる,"돌다, 방향을 틀다",word,-
N5,また,また,또,word,-
N5,みち,みち,길,word,-
N5,もっと,もっと,"좀 더, 더",word,-
N5,ようか,ようか,"일, 여드레",word,-
N4,開ける,あける,문을 열다,word,-
N4,味,あじ,맛,word,-
N4,頭,あたま,머리,word,-
N4,暑い,あつい,덥다,word,-
N4,歩く,あるく,걷다,word,-
N4,安心,あんしん,안심,word,-
N4,以外,いがい,이외,word,-
N4,池,いけ,연못,word,-
N4,医者,いしゃ,의사,word,-
N4,急ぐ,いそぐ,서두르다,word,-
N4,妹,いもうと,여동생,word,-
N4,色,いろ,색,word,-
N4,歌,うた,노래,word,-
N4,海,うみ,바다,word,-
N4,運動,うんどう,운동,word,-
N4,英語,えいご,영어,word,-
N4,多い,おおい,많다,word,-
N4,送る,おくる,보내다,word,-
N4,重い,おもい,무겁다,word,-
N4,終わる,おわる,끝나다,word,-
N4,音楽,おんがく,음악,word,-
N4,返す,かえす,돌려주다,word,-
N4,帰る,かえる,돌아가오다,word,-
N4,貸す,かす,빌려주다,word,-
N4,風,かぜ,바람,word,-
N4,家族,かぞく,가족,word,-
N4,通う,かよう,"다니다, 통학하다",word,-
N4,体,からだ,몸,word,-
N4,借りる,かりる,빌리다,word,-
N4,考える,かんがえる,생각하다,word,-
N4,気分,きぶん,기분,word,-
N4,着物,きもの,"옷, 일본의 전통 의상",word,-
N4,急に,きゅうに,갑자기,word,-
N4,教室,きょうしつ,교실,word,-
N4,去年,きょねん,작년,word,-
N4,着る,きる,옷을 입다,word,-
N4,銀行,ぎんこう,은행,word,-
N4,近所,きんじょ,"근처, 부근",word,-
N4,黒い,くろい,검다,word,-
N4,計画,けいかく,계획,word,-
N4,研究,けんきゅう,연구,word,-
N4,公園,こうえん,공원,word,-
N4,工場,こうじょう,공장,word,-
N4,声,こえ,목소리,word,-
N4,今度,こんど,"지난번, 이번, 다음번",word,-
N4,魚,さかな,"생선, 물고기",word,-
N4,産業,さんぎょう,산업,word,-
N4,仕事,しごと,"일, 업무",word,-
N4,質問,しつもん,질문,word,-
N4,自転車,じてんしゃ,자전거,word,-
N4,品物,しなもの,물건,word,-
N4,死ぬ,しぬ,죽다,word,-
N4,自分,じぶん,"자기, 자신",word,-
N4,写真家,しゃしんか,사진가,word,-
N4,住所,じゅうしょ,주소,word,-
N4,出発,しゅっぱつ,출발,word,-
N4,食堂,しょくどう,식당,word,-
N4,食料品,しょくりょうひん,식료품,word,-
N4,知る,しる,알다,word,-
N4,人口,じんこう,인구,word,-
N4,親切,しんせつ,친절함,word,-
N4,進む,すすむ,"나아가다, 진보하다",word,-
N4,住む,すむ,"살다, 주거하다",word,-
N4,西洋,せいよう,서양,word,-
N4,世界,せかい,세계,word,-
N4,説明,せつめい,설명,word,-
N4,世話,せわ,"돌봄, 폐, 신세",word,-
N4,祖母,そぼ,"조모, 할머니",word,-
N4,空,そら,하늘,word,-
N4,台所,だいどころ,부엌,word,-
N4,建物,たてもの,건물,word,-
N4,楽しい,たのしい,즐겁다,word,-
N4,足りる,たりる,"족하다, 충분하다",word,-
N4,力,ちから,힘,word,-
N4,茶色,ちゃいろ,갈색,word,-
N4,注意,ちゅうい,주의,word,-
N4,地理,ちり,지리,word,-
N4,使う,つかう,사용하다,word,-
N4,着く,つく,도착하다,word,-
N4,強い,つよい,"강하다, 세다",word,-
N4,手紙,てがみ,편지,word,-
N4,通る,とおる,"통과하다, 지나다",word,-
N4,特に,とくに,특히,word,-
N4,特別,とくべつ,특별,word,-
N4,図書館,としょかん,도서관,word,-
N4,止まる,とまる,멈추다,word,-
N4,鳥,とり,새,word,-
N4,夏,なつ,여름,word,-
N4,運ぶ,はこぶ,옮기다,word,-
N4,走る,はしる,달리다,word,-
N4,働く,はたらく,일하다,word,-
N4,早い,はやい,"이르다, 빠르다",word,-
N4,早く,はやく,"일찍, 빨리",word,-
N4,春,はる,봄,word,-
N4,病院,びょういん,병원,word,-
N4,広い,ひろい,넓다,word,-
N4,服,ふく,옷,word,-
N4,不便,ふべん,불편함,word,-
N4,古い,ふるい,"오래되다, 낡다",word,-
N4,勉強,べんきょう,공부,word,-
N4,毎朝,まいあさ,매일 아침,word,-
N4,町,まち,"도회, 거리, 번화가",word,-
N4,待つ,まつ,기다리다,word,-
N4,店,みせ,가게,word,-
N4,野菜,やさい,야채,word,-
N4,安い,やすい,싸다,word,-
N4,夕方,ゆうがた,저녁,word,-
N4,有名,ゆうめい,유명함,word,-
N4,用意,ようい,"준비, 대비, 주의",word,-
N4,洋服,ようふく,"양복, 서양식 옷",word,-
N4,夜,よる,밤,word,-
N4,弱い,よわい,약하다,word,-
N4,料理,りょうり,요리,word,-
N4,旅館,りょかん,여관,word,-
N4,旅行,りょこう,여행,word,-
N4,悪い,わるい,"나쁘다, 안 좋다",word,-
N4,会う,あう,만나다,word,-
N4,青い,あおい,파랗다,word,-
N4,赤い,あかい,"빨갛다, 붉다",word,-
N4,明るい,あかるい,밝다,word,-
N4,秋,あき,가을,word,-
N4,新しい,あたらしい,새롭다,word,-
N4,集まる,あつまる,모이다,word,-
N4,姉,あね,"언니, 누나",word,-
N4,洗う,あらう,씻다,word,-
N4,言う,いう,말하다,word,-
N4,犬,いぬ,개,word,-
N4,売る,うる,팔다,word,-
N4,駅,えき,역,word,-
N4,起きる,おきる,일어나다,word,-
N4,教える,おしえる,가르치다,word,-
N4,弟,おとうと,남동생,word,-
N4,同じ,おなじ,"같음, 동일함",word,-
N4,思い出す,おもだす,생각해내다,word,-
N4,買う,かう,"사다, 구입하다",word,-
N4,牛肉,ぎゅうにく,쇠고기,word,-
N4,暗い,くらい,어둡다,word,-
N4,答える,こたえる,대답하다,word,-
N4,小鳥,ことり,작은 새,word,-
N4,十分,じゅうぶん,충분히,word,-
N4,台風,たいふう,태풍,word,-
N4,正しい,ただしい,"바르다, 옳다",word,-
N4,建てる,たてる,"건물을 세우다, 짓다",word,-
N4,地図,ちず,지도,word,-
N4,作る,つくる,만들다,word,-
N4,時計,とけい,시계,word,-
N4,習う,ならう,"익히다, 배우다",word,-
N4,飲む,のむ,"마시다, 삼키다",word,-
N4,始まる,はじまる,시작되다,word,-
N4,早い,はやい,"시간적으로 이르다, 빠르다",word,-
N4,間に合う,まあう,제시간에 맞추다,word,-
N4,持つ,もつ,"가지다, 들다",word,-
N4,夕飯,ゆうはん,저녁 식사,word,-
N4,用事,ようじ,"볼일, 용무",word,-
N4,別れる,わかれる,헤어지다,word,-
N4,アイディア,アイディア,아이디어,word,-
N4,謝る,あやまる,사과하다,word,-
N4,アルバイト,アルバイト,아르바이트,word,-
N4,安全,あんぜん,안전함,word,-
N4,案内,あんない,안내,word,-
N4,以下,いか,이하,word,-
N4,いくら,いくら,아무리,word,-
N4,軒,いっけん,"한 채, 한 동집을 세는 단위",word,-
N4,いってまいります,いってまいります,다녀오겠습니다,word,-
N4,植える,うえる,나무를 심다,word,-
N4,打つ,うつ,부딪치다,word,-
N4,腕,うで,팔,word,-
N4,お祝い,いわい,축하 선물,word,-
N4,屋上,おくじょう,옥상,word,-
N4,お釣り,つり,거스름돈,word,-
N4,お土産,みやげ,가족이나 친지에게 선물할 목적으로,word,-
N4,おもちゃ,おもちゃ,장난감,word,-
N4,おや,おや,어라!,word,-
N4,折れる,おれる,"꺾이다, 접히다",word,-
N4,会場,かいじょう,회장장소,word,-
N4,鏡,かがみ,거울,word,-
N4,傘をさす,かさをさす,우산을 쓰다,word,-
N4,固い,かたい,딱딱하다,word,-
N4,壁,かべ,벽,word,-
N4,かまいません,かまいません,괜찮습니다,word,-
N4,噛む,かむ,씹다,word,-
N4,関係,かんけい,관계,word,-
N4,機会,きかい,기회,word,-
N4,技術,ぎじゅつ,기술,word,-
N4,競争,きょうそう,경쟁,word,-
N4,興味,きょうみ,"흥미, 관심",word,-
N4,比べる,くらべる,비교하다,word,-
N4,ゲーム,ゲーム,게임,word,-
N4,けんか,けんか,싸움,word,-
N4,郊外,こうがい,교외,word,-
N4,細かい,こまかい,"잘다, 세세하다",word,-
N4,怖い,こわい,무섭다,word,-
N4,坂,さか,언덕,word,-
N4,さっき,さっき,아까,word,-
N4,触る,さわる,만지다,word,-
N4,残念,ざんねん,"유감스러움, 섭섭함",word,-
N4,失敗,しっぱい,"실패, 실수",word,-
N4,失礼,しつれい,실례임,word,-
N4,邪魔,じゃま,거추장스러움,word,-
N4,準備,じゅんび,준비,word,-
N4,招待,しょうたい,초대,word,-
N4,成功,せいこう,성공,word,-
N4,生産,せいさん,생산,word,-
N4,先輩,せんぱい,선배,word,-
N4,相談,そうだん,상담,word,-
N4,それで,それで,그래서,word,-
N4,それに,それに,게다가,word,-
N4,だから,だから,"그러니까, 그래서",word,-
N4,確かに,たしかに,"분명히, 확실하게",word,-
N4,足す,たす,더하다,word,-
N4,出す,だす,"내다, 제출하다",word,-
N4,暖房,だんぼう,난방,word,-
N4,チェック,チェック,"체크, 점검",word,-
N4,チケット,チケット,"티켓, 표",word,-
N4,中止,ちゅうし,중지,word,-
N4,とうとう,とうとう,드디어,word,-
N4,直す,なおす,고치다,word,-
N4,治る,なおる,병이 낫다,word,-
N4,なるべく,なるべく,"되도록, 가능한 한",word,-
N4,苦い,にがい,맛이 쓰다,word,-
N4,日本製,にほんせい,일본제품,word,-
N4,熱心,ねっしん,열심임,word,-
N4,眠い,ねむい,졸리다,word,-
N4,喉,のど,목구멍,word,-
N4,パートタイム,パートタイム,파트타임,word,-
N4,恥ずかしい,はずかしい,부끄럽다,word,-
N4,パソコン,パソコン,컴퓨터,word,-
N4,番組,ばんぐみ,방송 프로그램,word,-
N4,引き出し,ひだし,서랍,word,-
N4,太る,ふとる,뚱뚱해지다,word,-
N4,変な味,へんあじがする,이상한 맛이 나다,word,-
N4,貿易,ぼうえき,무역,word,-
N4,放送,ほうそう,방송,word,-
N4,翻訳,ほんやく,번역,word,-
N4,または,または,또는,word,-
N4,見つかる,みつかる,발견되다,word,-
N4,珍しい,めずらしい,"진귀하다, 드물다",word,-
N4,役に立つ,やくたつ,도움이 되다,word,-
N4,やっと,やっと,"겨우, 간신히",word,-
N4,やっぱり,やっぱり,역시,word,-
N4,やわらかい,やわらかい,부드럽다,word,-
N4,予約,よやく,예약,word,-
N4,寄る,よる,들르다,word,-
N4,利用,りよう,이용,word,-
N4,レジ,レジ,"계산대, 레지스터",word,-
N4,レポート,レポート,리포트,word,-
N4,連絡,れんらく,연락,word,-
N4,あいさつしました,あいさつしました,인사를 했습니다,word,-
N4,≒「おはようございます。」と言,いいました,“ 안녕하세요.”라고 말했습니다,word,-
N4,あしたはちょっと……,あしたはちょっと……,내일은 좀……,word,-
N4,≒あしたはだめです,≒あしたはだめです,내일은 안 됩니다,word,-
N4,あのみせはいつもすいています,あのみせはいつもすいています,저 가게는 언제나 비어 있습니다,word,-
N4,≒あのみせはいつもきゃくが少,すくないです,저 가게는 늘 손님이 적습니다,word,-
N4,あやまりました,あやまりました,사과했습니다,word,-
N4,≒「ごめんなさい。」といいました,≒「ごめんなさい。」といいました,“ 미안합니다.”라고 말했습니다,word,-
N4,いっしょうけんめい,いっしょうけんめい,열심히,word,-
N4,≒ねっしんに,≒ねっしんに,열심히,word,-
N4,うそです,うそです,거짓말입니다,word,-
N4,≒ほんとうではありません,≒ほんとうではありません,사실이 아닙니다,word,-
N4,おとうさんにしかられました,おとうさんにしかられました,아버지에게 야단맞았습니다,word,-
N4,≒おとうさんにおこられました,≒おとうさんにおこられました,아버지에게 혼났습니다,word,-
N4,おれいをいいました,おれいをいいました,감사 인사를 했습니다,word,-
N4,≒「ありがとうございます。」といいました,≒「ありがとうございます。」といいました,“ 고맙습니다.”라고 말했습니다,word,-
N4,かいものにさそいました,かいものにさそいました,쇼핑하자고 권했습니다,word,-
N4,≒「いっしょにかいものにいきませんか」と言いました“,い,같이 쇼핑 가지 않을래요”라고 말했습니다,word,-
N4,かならず来ると思います,くおもいます,꼭 올 거라고 생각합니다,word,-
N4,≒きっと来ると思います,くおもいます,반드시 올 거라고 생각합니다,word,-
N4,きけんです,きけんです,위험합니다,word,-
N4,≒あぶないです,≒あぶないです,위험합니다,word,-
N4,きびしいじだいはもうすぎました,きびしいじだいはもうすぎました,힘든 시대는 이제 지나갔습니다,word,-
N4,≒たいへんなじだいでした,≒たいへんなじだいでした,어려운 시대였습니다,word,-
N4,けしきのいいところ,けしきのいいところ,경치가 좋은 곳,word,-
N4,≒きれいな山やもりが見,やまみえるこうえん,멋진 산이나 숲이 보이는 공원,word,-
N4,こうぎにしゅっせきします,こうぎにしゅっせきします,강의에 출석합니다,word,-
N4,生の話を聞,せんせいはなしききます,대학에서 선생님의 이야기를 듣습니다,word,-
N4,こうつうがべんりです,こうつうがべんりです,교통이 편리합니다,word,-
N4,≒バスやちかてつがたくさんはしっています,≒バスやちかてつがたくさんはしっています,버스나 지하철이 많이 달리고 있습니다,word,-
N4,ここはすべりやすいのです,ここはすべりやすいのです,이곳은 미끄러지기 쉽습니다,word,-
N4,≒ここはあるきにくいです,≒ここはあるきにくいです,이곳은 걷기 불편합니다,word,-
N4,このワインはヨーロッパせいです,このワインはヨーロッパせいです,이 와인은 유럽제입니다,word,-
N4,≒このワインはヨーロッパでつくられています,います,이 와인은 유럽에서 만들어지고 있습니다,word,-
N4,さいふをぬすまれました,さいふをぬすまれました,지갑을 도둑맞았습니다,word,-
N4,≒さいふをとられました,≒さいふをとられました,지갑을 날치기당했습니다,word,-
N4,サッカーがさかんになりました,サッカーがさかんになりました,축구가 왕성해졌습니다,word,-
N4,≒サッカーをする人,ひとがふえました,축구를 하는 사람이 늘었습니다,word,-
N4,さわがないでください,さわがないでください,떠들지 말아 주세요,word,-
N4,≒うるさくしないでください,≒うるさくしないでください,시끄럽게 하지 말아 주세요,word,-
N4,しゅくだいはかんたんでした,しゅくだいはかんたんでした,숙제는 간단했습니다,word,-
N4,≒しゅくだいはやさしかったです,≒しゅくだいはやさしかったです,숙제는 쉬웠습니다,word,-
N4,しょうらいのけいかく,しょうらいのけいかく,장래 계획,word,-
N4,≒これからのけいかく,≒これからのけいかく,앞으로의 계획,word,-
N4,しょくじにしましょう,しょくじにしましょう,식사를 합시다,word,-
N4,≒ごはんを食べましょう,たべましょう,밥을 먹읍시다,word,-
N4,じをていねいに書きなさい,かきなさい,글씨를 정성스럽게 쓰세요,word,-
N4,≒きれいにじを書きなさい,かきなさい,깨끗하게 글씨를 쓰세요,word,-
N4,先生のおたくにうかがいます,せんせいのおたくにうかがいます,선생님 댁을 찾아뵙습니다,word,-
N4,≒先生のおたくにまいります,せんせいのおたくにまいります,선생님 댁에 갑니다,word,-
N4,たいいんする,たいいんする,퇴원하다,word,-
N4,≒びょういんからかえってくる,≒びょういんからかえってくる,병원에서 돌아오다,word,-
N4,たなかさんいがいは来ました,きました,다나카 씨 외에는 왔습니다,word,-
N4,≒たなかさんは来ませんでしたが、ほかの人は来ました,きひときました,"다나카 씨는 오지 않았지만, 다른 사람은 왔습니다",word,-
N4,たなかさんのかわりに私ました,わたしがパーティーにでました,다나카 씨 대신에 제가 파티에 나갔습니다,word,-
N4,≒たなかさんはパーティーにでませんでした,≒たなかさんはパーティーにでませんでした,다나카 씨는 파티에 나오지 않았습니다,word,-
N4,たなかさんはるすです,たなかさんはるすです,다나카 씨는 부재중입니다,word,-
N4,≒たなかさんは出,でかけています,다나카 씨는 외출해 있습니다,word,-
N4,たなかさんをたずねました,たなかさんをたずねました,다나카 씨를 방문했습니다,word,-
N4,≒たなかさんのいえに行,いきました,다나카 씨 집에 갔습니다,word,-
N4,チェックしてください,チェックしてください,체크해 주세요,word,-
N4,≒しらべてください,≒しらべてください,확인해 주세요,word,-
N4,てがよごれています,てがよごれています,손이 더러워져 있습니다,word,-
N4,≒てがきたないです,≒てがきたないです,손이 지저분합니다,word,-
N4,電車の中はこんでいます,でんしゃなかはこんでいます,전철 안은 붐빕니다,word,-
N4,車の中には人,でんしゃなかひとがたくさんいます,전철 안에는 사람이 많이 있습니다,word,-
N4,どうぶつをいじめてはいけません,どうぶつをいじめてはいけません,동물을 괴롭혀서는 안 됩니다,word,-
N4,≒どうぶつをたいせつにしてください,≒どうぶつをたいせつにしてください,동물을 소중히 해 주세요,word,-
N4,のりものがだいすきです,のりものがだいすきです,탈것을 아주 좋아합니다,word,-
N4,≒ひこうきやふねがだいすきです,≒ひこうきやふねがだいすきです,비행기나 배를 아주 좋아합니다,word,-
N4,日がくれました,ひがくれました,해가 졌습니다,word,-
N4,≒空がくらくなりました,そらがくらくなりました,하늘이 어두워졌습니다,word,-
N4,ひさしぶりにたなかさんにあいました,ひさしぶりにたなかさんにあいました,오랜만에 다나카 씨를 만났습니다,word,-
N4,≒長んでした,ながいあいだたなかさんにあっていませんでした,오랫동안 다나카 씨를 만나지 않았습니다,word,-
N4,びっくりしました,びっくりしました,깜짝 놀랐습니다,word,-
N4,≒おどろきました,≒おどろきました,놀랐습니다,word,-
N4,びょういんにいきました,びょういんにいきました,병원에 갔습니다,word,-
N4,≒くすりをとりにいきました,≒くすりをとりにいきました,약을 받으러 갔습니다,word,-
N4,まずこのしごとをしてください,まずこのしごとをしてください,우선 이 일을 해 주세요,word,-
N4,≒はじめにこのしごとをしてください,≒はじめにこのしごとをしてください,먼저 이 일을 해 주세요,word,-
N4,まちがえやすい,まちがえやすい,틀리기 쉽다,word,-
N4,≒まちがえる人が多い,ひとおおい,틀리는 사람이 많다,word,-
N4,むすめのにゅうがくしきがありました,むすめのにゅうがくしきがありました,딸의 입학식이 있었습니다,word,-
N4,≒むすめが大学生,だいがくせいになりました,딸이 대학생이 되었습니다,word,-
N4,やせましたね,やせましたね,살이 빠졌네요,word,-
N4,≒ほそくなりました,≒ほそくなりました,야위었네요,word,-
N4,やまもとさんのじはこまかいです,やまもとさんのじはこまかいです,야마모토 씨의 글씨는 자잘합니다,word,-
N4,≒やまもとさんのじはちいさいです,≒やまもとさんのじはちいさいです,야먀모토 씨의 글씨는 작습니다,word,-
N4,りゅうがくのけいけんがあります,りゅうがくのけいけんがあります,유학 경험이 있습니다,word,-
N4,≒りゅうがくをしたことがあります,≒りゅうがくをしたことがあります,유학을 한 적이 있습니다,word,-
N4,ました,わたしはかちょうのかわりにかいぎにいきました,나는 과장 대신에 회의에 갔습니다,word,-
N4,≒かちょうはいきませんでした,≒かちょうはいきませんでした,과장은 가지 않았습니다.,word,-
N4,１ばんのへや、または２ばんのへや,１ばんのへや、または２ばんのへや,번 방 또는 2번 방,word,-
N4,≒１ばんのへやか２ばんのへや,≒１ばんのへやか２ばんのへや,번 방이나 2번 방,word,-
N4,来るのはむりです,くるのはむりです,오는 것은 무리입니다,word,-
N4,≒来られません,こられません,올 수 없습니다,word,-
N4,時間にまにあいませんでした,じかんにまにあいませんでした,시간에 맞추지 못했습니다,word,-
N4,≒時間におくれました,じかんにおくれました,시간에 늦었습니다,word,-
N4,意見,いけん,의견,word,-
N4,いたす,いたす,하다겸양어,word,-
N4,いただく,いただく,받다겸양어,word,-
N4,うまい,うまい,"맛있다, 능숙하다",word,-
N4,おかげさまで,おかげさまで,덕분에,word,-
N4,おとなしい,おとなしい,얌전하다,word,-
N4,驚く,おどろく,놀라다,word,-
N4,お礼,れい,감사 인사,word,-
N4,かしこまりました,かしこまりました,알겠습니다,word,-
N4,片付ける,かたづける,"정리하다, 치우다",word,-
N4,きびしい,きびしい,"엄하다, 엄격하다",word,-
N4,原因,げんいん,원인,word,-
N4,元気,げんき,건강함,word,-
N4,故障,こしょう,고장,word,-
N4,さしあげる,さしあげる,드리다경어,word,-
N4,さびしい,さびしい,"쓸쓸하다, 외롭다",word,-
N4,寒い,さむい,춥다,word,-
N4,叱る,しかる,꾸짖다,word,-
N4,支度,したく,"준비, 채비",word,-
N4,しっかりしている,しっかりしている,"착실하다, 다부지다",word,-
N4,閉める,しめる,문 따위를 닫다,word,-
N4,捨てる,すてる,버리다,word,-
N4,洗濯,せんたく,세탁,word,-
N4,育てる,そだてる,"기르다, 키우다",word,-
N4,大抵,たいてい,대체로,word,-
N4,だめ,だめ,"안 됨, 불가능함",word,-
N4,伝える,つたえる,"전하다, 전달하다",word,-
N4,適当,てきとう,적당함,word,-
N4,途中,とちゅう,도중,word,-
N4,どんどん,どんどん,쑥쑥,word,-
N4,似合う,にあう,어울리다,word,-
N4,熱,ねつ,열,word,-
N4,プレゼント,プレゼント,선물,word,-
N4,返事,へんじ,대답,word,-
N4,真面目,まじめ,"진지함, 성실함",word,-
N4,迎える,むかえる,맞이하다,word,-
N4,ゆっくりと,ゆっくりと,천천히,word,-
N4,喜ぶ,よろこぶ,기뻐하다,word,-
N4,沸かす,わかす,물을 끓이다,word,-
N4,～あいだに~,～あいだに~,동안에 •寝,word,-
N4,～か~,ねているあいだに,"인지, ~한지불확실 •どこで買",word,-
N4,ったか、おぼえている？～か～ないか~,か,할지 ~말지 •ぼうしをかぶるかかぶらないか,word,-
N4,～かた(方)~,～かた(方)~,방법 •漢,word,-
N4,字の読み方～かもしれない~,かんじよかた,할지도 모르다 •雨,word,-
N4,が降～から~,あめふるかもしれない,로재료 •チーズは牛,word,-
N4,乳から作～ことがある~,ぎゅうにゅうつくられる,하는 일이 있다 •日,word,-
N4,本の歌を歌～ことができる~,にほんうたうたうことがある,할 수 있다 •漢,word,-
N4,字を書～ことにする~,かんじかくことができる,하기로 하다 •一,word,-
N4,緒に行～しか~,いっしょいくことにする,밖에뒤에 부정 •チケットを買,word,-
N4,った人しか入～すぎる,かひとはいれない,너무 ~하다 •食,word,-
N4,～ずに~,たべすぎる,하지 않고 •何,word,-
N4,も食べずに働～そうだ~,なにたはたらいた,한 것 같다 •むずかしそうな本,word,-
N4,～そうだ~,～そうだ~,라고 한다전문 •父,word,-
N4,は元気～たがる~,ちちげんきだそうだ,하고 싶어 하다 •野,word,-
N4,菜を食～だけ~,やさいたべたがらない,만한정 •これだけ食,word,-
N4,～だす~,たべます,하기 시작하다 •あかちゃんが泣,word,-
N4,～たところ,なきだした,막 ~한 참 •家,word,-
N4,に帰～たばかり~,いえかえったところだ,했을 뿐임 •さっき起,word,-
N4,～たまま~,おきたばかりです,한 채 •テレビをつけたままねる,word,-
N4,～ために~,～ために~,때문에 •けいたいをわすれたために,word,-
N4,本で働～たら~,にほんはたらくために,하면가정 •道,word,-
N4,所の人に会～つづける,きんじょひとあったら,계속 ~하다 •３時,word,-
N4,間も話～つもり~,じかんはなしつづけた,"할 예정, ~할 작정 •これからどうするつもりですか",word,-
N4,～で~,～で~,"으로, ~때문에원인 •じしんでビルがたおれた",word,-
N4,理は５分～で~,りょうりふんでできる,"에, ~이면수량 •５",word,-
N4,～ておく~,～ておく~,해 두다 •メモを書,word,-
N4,～てはいけない~,かいておく,해서는 안 된다 •はをみがかなくてはいけない,word,-
N4,～でも~,～でも~,라도 •コーヒーでも飲,word,-
N4,～てもいい~,のもう,해도 좋다 •寒,word,-
N4,～てもかまわない~,さむいのでまどをしめてもいい,해도 상관없다,word,-
N4,•この服～といい~,ふくはよごれてもかまわない,하면 좋다 •病,word,-
N4,気～という~,びょうきがなおるといい,"라고 하는, ~라는 •「田",word,-
N4,中」という方～とか~,たなかかた,이라든가 •スプーンとかナイフとか,word,-
N4,～ところ~,～ところ~,하는 참 •今,word,-
N4,、使どんな,いまつかっているところだどんな,어떤 •あの鳥,word,-
N4,はどんな声～な~,とりこえでなくのかなあ,하지 마라금지 •ごみをすてるな,word,-
N4,～ないで~,～ないで~,하지 말아 •タバコをすわないでください,word,-
N4,～なさい~,～なさい~,하거라 •はやく寝,word,-
N4,～なら~,ねなさい,이라면 •これなら買,word,-
N4,～なら~,～なら~,한다면 •あなたが行,word,-
N4,くなら、私も行～に~,いわたしいく,로부터 •外,word,-
N4,国人に聞～にくい~,がいこくじんきかれる,하기 어렵다 •暗,word,-
N4,くて見～にする~,くらみえにくい,로 하다결정 •プレゼントはセーターにしました,word,-
N4,～になる~,～になる~,해지다 •元,word,-
N4,気～によると~,げんきになる,에 의하면따르면 •天,word,-
N4,気～の~,てんきよほうによると,의 것 •どれがあなたのですか,word,-
N4,～のに~,～のに~,"인데도, ~한데도 •何",word,-
N4,回も電話～はじめる~,なんかいでんわしたのに,하기 시작하다 •学,word,-
N4,校に通～はず~,がっこうかよいはじめる,"터이다, ~것이다확신 •薬",word,-
N4,を飲めば、なおるはずだ～はずがない~,くすりの,할 리가 없다 •そんなことをするはずがない,word,-
N4,～ほう~,～ほう~,"쪽, ~편 •外",word,-
N4,に出～ほど~,そとでないほうがあんぜんだ,만큼정도 •今,word,-
N4,日は昨日ほど暑～まで~,きょうきのうあつくない,까지반복 •来,word,-
N4,月まで薬を飲～までに~,らいげつくすりのむ,까지1회 한도 •９時,word,-
N4,～も~,～も~,이나 •５回,word,-
N4,も読～やすい~,かいよんだ,하기 쉽다 •病,word,-
N4,気～ようだ~,びょうきになりやすい,한 것 같다 •昨,word,-
N4,日、彼は来～ようにする~,きのうかれこなかったようだ,하도록 하다 •遅,word,-
N4,刻～ようになる~,ちこくしないようにする,하게 되다 •英,word,-
N4,語が話～より~,えいごはなせるようになった,보다비교 •ΑはΒより高,word,-
N4,～らしい~,たかい,할 것 같다 •ふたりは結,word,-
N4,婚～らしい~,けっこんするらしい,답다 •学,word,-
N4,生～られる~,がくせいらしい,할 수 있다 •食,word,-
N3,岩,いわ,바위,word,-
N3,～件(会議の件,けんかいぎけん,~ 건회의 건,word,-
N3,通勤,つうきん,통근,word,-
N3,努力,どりょく,노력,word,-
N3,発見,はっけん,발견,word,-
N3,得意な,とくいな,"자신 있는, 잘하는",word,-
N3,表す,あらわす,나타내다,word,-
N3,包む,つつむ,포장하다,word,-
N3,息,いき,숨,word,-
N3,空席,くうせき,"공석, 빈자리",word,-
N3,失業,しつぎょう,실업,word,-
N3,夫婦,ふうふ,부부,word,-
N3,移す,うつす,옮기다,word,-
N3,組む,くむ,"짜다, 맞추다",word,-
N3,順番,じゅんばん,"순서, 순번",word,-
N3,苦労,くろう,고생,word,-
N3,応募,おうぼ,응모,word,-
N3,首都,しゅと,수도,word,-
N3,単語,たんご,단어,word,-
N3,地球,ちきゅう,지구,word,-
N3,発表,はっぴょう,발표,word,-
N3,遅れる,おくれる,늦다,word,-
N3,協力,きょうりょく,협력,word,-
N3,疑問,ぎもん,"의문, 질문",word,-
N3,過去,かこ,과거,word,-
N3,到着,とうちゃく,도착,word,-
N3,折る,おる,"접다, 굽히다",word,-
N3,情報,じょうほう,정보,word,-
N3,値段,ねだん,가격,word,-
N3,深い,ふかい,깊다,word,-
N3,返す,かえす,돌려주다,word,-
N3,表面,ひょうめん,표면,word,-
N3,汗,あせ,땀,word,-
N3,配る,くばる,나누어 주다,word,-
N3,完成,かんせい,완성,word,-
N3,島,しま,섬,word,-
N3,困る,こまる,곤란하다,word,-
N3,平日,へいじつ,평일,word,-
N3,卒業,そつぎょう,졸업,word,-
N3,固い,かたい,딱딱하다,word,-
N3,短い,みじかい,짧다,word,-
N3,他人,たにん,타인,word,-
N3,示す,しめす,나타내다,word,-
N3,外科,げか,외과,word,-
N3,笑顔,えがお,"웃는 얼굴, 미소",word,-
N3,以降,いこう,이후,word,-
N3,横断,おうだん,횡단,word,-
N3,合図,あいず,신호,word,-
N3,苦しい,くるしい,괴롭다,word,-
N3,出張,しゅっちょう,출장,word,-
N3,席,せき,좌석,word,-
N3,根,ね,뿌리,word,-
N3,事情,じじょう,사정,word,-
N3,通知,つうち,통지,word,-
N3,選手,せんしゅ,선수,word,-
N3,実力,じつりょく,실력,word,-
N3,生える,はえる,"나다, 돋아나다",word,-
N3,各地,かくち,각지,word,-
N3,貯金,ちょきん,저금,word,-
N3,留守,るす,부재,word,-
N3,浅い,あさい,얕다,word,-
N3,文章,ぶんしょう,문장,word,-
N3,改札,かいさつ,개찰,word,-
N3,笑う,わらう,웃다,word,-
N3,商業,しょうぎょう,상업,word,-
N3,覚える,おぼえる,"외우다, 기억하다",word,-
N3,広告,こうこく,광고,word,-
N3,相手,あいて,상대,word,-
N3,大会,たいかい,대회,word,-
N3,割れる,われる,"깨지다, 나누어지다",word,-
N3,集中,しゅうちゅう,집중,word,-
N3,食器,しょっき,식기,word,-
N3,横,よこ,"옆, 가로",word,-
N3,自然,しぜん,자연,word,-
N3,替える,かえる,교체하다,word,-
N3,応用,おうよう,응용,word,-
N3,一般的な,いっぱんてき,일반적인,word,-
N3,検査,けんさ,검사,word,-
N3,厚い,あつい,두껍다,word,-
N3,呼吸,こきゅう,호흡,word,-
N3,美しい,うつくしい,아름답다,word,-
N3,創造,そうぞう,창조,word,-
N3,汚れる,よごれる,더러워지다,word,-
N3,朝食,ちょうしょく,"조식, 아침 식사",word,-
N3,首,くび,목,word,-
N3,経営学,けいえいがく,경영학,word,-
N3,分類,ぶんるい,분류,word,-
N3,干す,ほす,"널어 말리다, 잔 비우다",word,-
N3,血液型,けつえきがた,혈액형,word,-
N3,湖,みずうみ,호수,word,-
N3,変化,へんか,변화,word,-
N3,伝える,つたえる,전달하다,word,-
N3,荷物,にもつ,짐,word,-
N3,平均,へいきん,평균,word,-
N3,支給する,しきゅうする,지급하다,word,-
N3,丸い,まるい,둥글다,word,-
N3,個人,こじん,개인,word,-
N3,方向,ほうこう,방향,word,-
N3,申し込み,もうこみ,신청,word,-
N3,はかる,はかる,"재다, 측정하다",word,-
N3,独立,どくりつ,독립,word,-
N3,折れる,おれる,"부러지다, 꺾이다",word,-
N3,観客,かんきゃく,관객,word,-
N3,払う,はらう,지불하다,word,-
N3,加える,くわえる,추가하다,word,-
N3,訓練,くんれん,훈련,word,-
N3,豆,まめ,콩,word,-
N3,共通,きょうつう,공통,word,-
N3,税金,ぜいきん,세금,word,-
N3,汚い,きたない,더럽다,word,-
N3,商品,しょうひん,상품,word,-
N3,冷える,ひえる,"차가워지다, 식다",word,-
N3,早退,そうたい,조퇴,word,-
N3,下線,かせん,밑줄,word,-
N3,転ぶ,ころぶ,구르다,word,-
N3,主要,しゅよう,주요,word,-
N3,直接,ちょくせつ,직접,word,-
N3,燃える,もえる,타다. 불타다,word,-
N3,位置,いち,위치,word,-
N3,計算,けいさん,계산,word,-
N3,回す,まわす,돌리다,word,-
N3,禁煙,きんえん,금연,word,-
N3,結ぶ,むすぶ,"잇다, 묶다",word,-
N3,手術,しゅじゅつ,수술,word,-
N3,正常,せいじょう,정상,word,-
N3,血液,けつえき,혈액,word,-
N3,追う,おう,뒤쫓다,word,-
N3,降りる,おりる,내리다,word,-
N3,身長,しんちょう,"신장, 키",word,-
N3,物語,ものがたり,이야기,word,-
N3,成績,せいせき,성적,word,-
N3,楽器,がっき,악기,word,-
N3,専門家,せんもんか,전문가,word,-
N3,制服,せいふく,"제복, 교복",word,-
N3,内側,うちがわ,안쪽,word,-
N3,過ごす,すごす,"지내다, 보내다",word,-
N3,案内,あんない,안내,word,-
N3,解決,かいけつ,해결,word,-
N3,気温,きおん,기온,word,-
N3,健康,けんこう,건강,word,-
N3,大量,たいりょう,대량,word,-
N3,痛い,いたい,아프다,word,-
N3,現在,げんざい,현재,word,-
N3,自由,じゆう,자유,word,-
N3,法律,ほうりつ,법률,word,-
N3,観光,かんこう,관광,word,-
N3,～券(入場券,けんにゅうじょうけん,~ 권입장권,word,-
N3,涙,なみだ,눈물,word,-
N3,守る,まもる,지키다,word,-
N3,週刊誌,しゅうかんし,주간지,word,-
N3,相談,そうだん,상담,word,-
N3,自信,じしん,자신자신감,word,-
N3,温める,あたためる,따뜻하게 하다,word,-
N3,原料,げんりょう,원료,word,-
N3,帰宅,きたく,귀가,word,-
N3,育てる,そだてる,"키우다, 기르다",word,-
N3,記録,きろく,기록,word,-
N3,歯,は,"이, 치아",word,-
N3,復習,ふくしゅう,복습,word,-
N3,信じる,しんじる,믿다,word,-
N3,遅い,おそい,"느리다, 늦다",word,-
N3,容器,ようき,용기그릇,word,-
N3,疲れる,つかれる,피로하다,word,-
N3,重ねる,かさねる,거듭하다,word,-
N3,残業,ざんぎょう,잔업,word,-
N3,～倍(２倍,ばいにばい,~ 배2배,word,-
N3,停電,ていでん,정전,word,-
N3,独身,どくしん,독신,word,-
N3,貸す,かす,빌려주다,word,-
N3,逃げる,にげる,"달아나다, 도망치다",word,-
N3,消す,けす,"끄다, 지우다",word,-
N3,欠席,けっせき,결석,word,-
N3,細かい,こまかい,"자세하다, 작다",word,-
N3,若い,わかい,젊다,word,-
N3,複数,ふくすう,복수여러 개,word,-
N3,減少,げんしょう,감소,word,-
N3,駐車,ちゅうしゃ,주차,word,-
N3,移る,うつる,옮기다,word,-
N3,温泉,おんせん,온천,word,-
N3,雑誌,ざっし,잡지,word,-
N3,恋しい,こいしい,그립다,word,-
N3,仮定する,かていする,가정하다,word,-
N3,正解,せいかい,정답,word,-
N3,関心,かんしん,관심,word,-
N3,投げる,なげる,던지다,word,-
N3,原因,げんいん,원인,word,-
N3,勤める,つとめる,근무하다,word,-
N3,規則,きそく,규칙,word,-
N3,借りる,かりる,빌리다,word,-
N3,欠点,けってん,결점,word,-
N3,緑,みどり,"초록, 녹색",word,-
N3,願う,ねがう,"바라다, 부탁하다",word,-
N3,焼く,やく,"굽다, 태우다",word,-
N3,乗車,じょうしゃ,승차,word,-
N3,波,なみ,파도,word,-
N3,速い,はやい,빠르다,word,-
N3,満足,まんぞく,만족,word,-
N3,輸出,ゆしゅつ,수출,word,-
N3,眠る,ねむる,"자다, 잠들다",word,-
N3,頭痛,ずつう,두통,word,-
N3,葉,は,"잎, 이파리",word,-
N3,期待,きたい,기대,word,-
N3,預ける,あずける,"맡기다, 위임하다",word,-
N3,経由,けいゆ,경우,word,-
N3,秒,びょう,초시간,word,-
N3,飛ぶ,とぶ,날다,word,-
N3,坂道,さかみち,"언덕길, 비탈길",word,-
N3,違う,ちがう,"다르다, 틀리다",word,-
N3,関係,かんけい,관계,word,-
N3,教師,きょうし,교사,word,-
N3,カタログ,カタログ,카탈로그,word,-
N3,感じる,かんじる,느끼다,word,-
N3,家賃,やちん,집세,word,-
N3,しまう,しまう,"치우다, 안에 넣다",word,-
N3,最新,さいしん,최신,word,-
N3,しばる,しばる,묶다,word,-
N3,キャンセル,キャンセル,취소,word,-
N3,～向き(南向き)~,むみなみむき)~,"향남향, ~쪽",word,-
N3,感動,かんどう,감동,word,-
N3,うっかり,うっかり,"깜빡, 무심코실수하는 모습",word,-
N3,りっぱな,りっぱな,훌륭한,word,-
N3,早めに,はやめに,일찌감치,word,-
N3,あわ,あわ,거품,word,-
N3,ノック,ノック,노크,word,-
N3,半日,はんにち,반나절,word,-
N3,扱う,あつかう,"다루다, 취급하다",word,-
N3,全～(全人口,ぜんぜんじんこう,전~전 인구,word,-
N3,希望,きぼう,희망,word,-
N3,迷う,まよう,"헤매다, 망설이다",word,-
N3,しばらく,しばらく,잠시,word,-
N3,体力,たいりょく,체력,word,-
N3,どきどき,どきどき,두근두근,word,-
N3,不満,ふまん,불만,word,-
N3,ぶらぶら,ぶらぶら,"어슬렁어슬렁, 천천히",word,-
N3,申込書,もうしこみしょ,신청서,word,-
N3,複雑な,ふくざつ,복잡한,word,-
N3,流れる,ながれる,흐르다,word,-
N3,～産(アメリカ産,さんさん,~ 산미국산,word,-
N3,インタビュー,インタビュー,인터뷰,word,-
N3,主張,しゅちょう,주장,word,-
N3,整理,せいり,정리,word,-
N3,からから,からから,바싹바싹몹시 건조한 모습,word,-
N3,ためる,ためる,"모으다, 담다",word,-
N3,かかる,かかる,걸리다,word,-
N3,清潔な,せいけつ,청결한,word,-
N3,あわせる,あわせる,합치다,word,-
N3,冗談,じょうだん,농담,word,-
N3,さっそく,さっそく,즉시,word,-
N3,カーブ,カーブ,"곡선, 커브",word,-
N3,両替,りょうがえ,환전,word,-
N3,前後,ぜんご,"전후, 앞뒤",word,-
N3,影響,えいきょう,영향,word,-
N3,しっかり,しっかり,"단단히, 꽉, 제대로",word,-
N3,ながれ,ながれ,흐름,word,-
N3,外食,がいしょく,외식,word,-
N3,差,さ,"차이, 차",word,-
N3,セット,セット,세트,word,-
N3,意志,いし,의지,word,-
N3,別れる,わかれる,"헤어지다, 작별하다",word,-
N3,起きる,おきる,일어나다,word,-
N3,応援,おうえん,응원,word,-
N3,のばす,のばす,"연장하다, 연기하다",word,-
N3,ふる,ふる,흔들다,word,-
N3,カバー,カバー,"커버, 덮개",word,-
N3,想像,そうぞう,상상,word,-
N3,むく,むく,껍질을 벗기다,word,-
N3,かれる,かれる,시들다,word,-
N3,がっかりする,がっかりする,낙심하다,word,-
N3,ヒント,ヒント,힌트,word,-
N3,なつかしい,なつかしい,그립다,word,-
N3,代金,だいきん,대금비용,word,-
N3,しつこい,しつこい,끈질기다,word,-
N3,自動的な,じどうてきな,자동적인,word,-
N3,片方,かたほう,한쪽,word,-
N3,かわく,かわく,마르다,word,-
N3,渋滞,じゅうたい,정체밀리는 상태,word,-
N3,おかしい,おかしい,이상하다,word,-
N3,交換,こうかん,교환,word,-
N3,リサイクル,リサイクル,"리사이클, 재활용",word,-
N3,うわさ,うわさ,소문,word,-
N3,主に,おもに,주로,word,-
N3,不安,ふあん,불안,word,-
N3,なるべく,なるべく,가급적,word,-
N3,とじる,とじる,"닫다, 눈을감다",word,-
N3,たたむ,たたむ,"접다, 개다",word,-
N3,調子,ちょうし,상태,word,-
N3,緩い,ゆるい,"느슨하다, 완만하다",word,-
N3,経つ,たつ,"지나다, 경과하다",word,-
N3,突然,とつぜん,"돌연, 갑자기",word,-
N3,物価,ぶっか,물가,word,-
N3,追いつく,おいつく,따라잡다,word,-
N3,おぼれる,おぼれる,물에 빠지다,word,-
N3,材料,ざいりょう,재료,word,-
N3,別々に,べつべつ,따로따로,word,-
N3,引き受ける,ひうける,받아들이다,word,-
N3,自慢する,じまんする,자랑하다,word,-
N3,分ける,わける,"나누다, 구분하다",word,-
N3,お祝い,いわい,축하,word,-
N3,方法,ほうほう,방법,word,-
N3,積極的な,せっきょくてきな,적극적인,word,-
N3,資源,しげん,자원,word,-
N3,印象,いんしょう,인상,word,-
N3,我慢する,がまんする,참다,word,-
N3,記念,きねん,기념,word,-
N3,使用(料,しようりょう,사용료,word,-
N3,あきる,あきる,"질리다, 식상하다",word,-
N3,パンフレット,パンフレット,"팸플릿, 소책자",word,-
N3,目標,もくひょう,목표,word,-
N3,覚める,さめる,"잠 깨다, 정신 들다",word,-
N3,テーマ,テーマ,"주제, 테마",word,-
N3,穴,あな,"구멍, 구덩이",word,-
N3,合計,ごうけい,합계,word,-
N3,悔しい,くやしい,"분하다, 억울하다",word,-
N3,ぶつける,ぶつける,"부딪다, 들이받다",word,-
N3,感覚,かんかく,감각,word,-
N3,くせ,くせ,버릇,word,-
N3,ふらふら,ふらふら,"비틀비틀, 휘청휘청",word,-
N3,当日,とうじつ,당일,word,-
N3,文句,もんく,"불평, 잔소리",word,-
N3,代表的な,だいひょうてきな,대표적인,word,-
N3,栄養,えいよう,영양,word,-
N3,隠す,かくす,숨기다,word,-
N3,割合,わりあい,비율,word,-
N3,そっくり,そっくり,똑같이 생김,word,-
N3,観察,かんさつ,관찰,word,-
N3,破れる,やぶれる,"찢어지다, 파손되다",word,-
N3,料金,りょうきん,요금,word,-
N3,編む,あむ,"짜다, 뜨개질하다",word,-
N3,戦う,たたかう,싸우다,word,-
N3,興味,きょうみ,흥미,word,-
N3,香り,かおり,향기,word,-
N3,演奏,えんそう,연주,word,-
N3,防ぐ,ふせぐ,"막다, 방지하다",word,-
N3,ぴったり,ぴったり,"딱밀착함, 어울림",word,-
N3,盛んな,さかんな,"왕성한, 활발한",word,-
N3,アドバイス,アドバイス,"어드바이스, 충고",word,-
N3,うまい,うまい,능숙하다,word,-
N3,チャレンジ,チャレンジ,"챌린지, 도전",word,-
N3,流行,りゅうこう,유행,word,-
N3,断る,ことわる,거절하다,word,-
N3,惜しい,おしい,"아깝다, 아쉽다",word,-
N3,傷,きず,상처,word,-
N3,頼る,たよる,의지하다,word,-
N3,特長,とくちょう,특징,word,-
N3,イメージ,イメージ,이미지,word,-
N3,囲む,かこむ,포위하다,word,-
N3,がらがら,がらがら,텅텅텅 빈 모습,word,-
N3,許す,ゆるす,"용서하다, 허락하다",word,-
N3,姿勢,しせい,자세,word,-
N3,確かめる,たしかめる,확인하다,word,-
N3,農業,のうぎょう,농업,word,-
N3,沈む,しずむ,가라앉다,word,-
N3,内緒,ないしょ,비밀,word,-
N3,底,そこ,바닥,word,-
N3,比較,ひかく,비교,word,-
N3,マナー,マナー,매너,word,-
N3,呼びかける,よびかける,부르다,word,-
N3,目的,もくてき,목적,word,-
N3,床,ゆか,"바닥, 마루",word,-
N3,列,れつ,줄,word,-
N3,登場,とうじょう,등장,word,-
N3,ずいぶん,ずいぶん,상당히,word,-
N3,落ち着く,おつく,"자리잡다, 안정되다",word,-
N3,申請,しんせい,신청,word,-
N3,染み,しみ,얼룩,word,-
N3,きつい,きつい,힘들다,word,-
N3,大変だ,たいへん,"큰일이다, 힘들다",word,-
N3,くたびれる,くたびれる,지치다,word,-
N3,つかれる,つかれる,피로하다,word,-
N3,明ける,あける,"날이 새다, 끝나다",word,-
N3,おわる,おわる,끝나다,word,-
N3,混雑している,こんざつ,혼잡하다,word,-
N3,客,きゃくがたくさんいる,손님이 많이 있다,word,-
N3,わかりやすい,わかりやすい,알기 쉽다,word,-
N3,単純だ,たんじゅんだ,단순하다,word,-
N3,まご,まご,손자,word,-
N3,娘の息子,むすめむすこ,딸의 아들,word,-
N3,たまる,たまる,쌓이다,word,-
N3,たくさん残る,のこる,많이 남다,word,-
N3,短気だ,たんきだ,성미가 급하다,word,-
N3,すぐ怒る,おこる,바로 화를 내다,word,-
N3,暗記する,あんきする,암기하다,word,-
N3,きまり,きまり,규칙,word,-
N3,通勤する,つうきん,통근하다,word,-
N3,仕事に行く,しごといく,일하러 가다,word,-
N3,おそろしい,おそろしい,무섭다,word,-
N3,こわい,こわい,무섭다,word,-
N3,わけ,わけ,이유,word,-
N3,理由,りゆう,이유,word,-
N3,減る,へる,줄어들다,word,-
N3,少なくなる,すくなくなる,적어지다,word,-
N3,やり直す,なおす,다시 하다,word,-
N3,もう一度やる,いちどやる,한번 더 하다,word,-
N3,悪いところ,わるいところ,나쁜 점,word,-
N3,翌年,よくとし,이듬해,word,-
N3,次の年,つぎとし,다음 해,word,-
N3,スケジュール,スケジュール,스케줄,word,-
N3,予定,よてい,예정,word,-
N3,らくな,らくな,편한,word,-
N3,かんたんな,かんたんな,간단한,word,-
N3,さっき,さっき,조금 전에,word,-
N3,少し前に,すこまえに,조금 전에,word,-
N3,共通点,きょうつうてん,공통점,word,-
N3,同じところ,おなじところ,같은 점,word,-
N3,整理する,せいりする,정리하다,word,-
N3,片付ける,かたづける,"치우다, 정리하다",word,-
N3,ぜったいに,ぜったいに,절대로,word,-
N3,かならず,かならず,반드시,word,-
N3,ないしょにする,ないしょにする,비밀로 하다,word,-
N3,だれにも話,はなさない,누구에게도 이야기하지 않는다,word,-
N3,気に入っている,きいっている,마음에 들어하다,word,-
N3,すきだ,すきだ,좋아하다,word,-
N3,やめる,やめる,그만두다,word,-
N3,あきらめる,あきらめる,포기하다,word,-
N3,年中,ねんじゅう,일 년 내내,word,-
N3,いつも,いつも,항상,word,-
N3,うばう,うばう,빼앗다,word,-
N3,取る,とる,"잡다, 빼앗다",word,-
N3,そっと,そっと,살짝,word,-
N3,静かに,しずかに,조용하게,word,-
N3,まぶしい,まぶしい,눈부시다,word,-
N3,明るすぎる,あかるすぎる,너무 밝다,word,-
N3,サイズ,サイズ,사이즈,word,-
N3,大きさ,おおきさ,크기,word,-
N3,注文する,ちゅうもんする,주문하다,word,-
N3,頼む,たのむ,"부탁하다, 주문하다",word,-
N3,たしかめる,たしかめる,확인하다,word,-
N3,チェックする,チェックする,체크하다,word,-
N3,このごろ,このごろ,요즈음,word,-
N3,さいきん,さいきん,최근,word,-
N3,しゃべる,しゃべる,말하다,word,-
N3,話す,はなす,이야기하다,word,-
N3,キッチン,キッチン,키친,word,-
N3,台所,だいどころ,부엌,word,-
N3,場所,ばしょ,장소,word,-
N3,売り切れる,うきれる,매진되다,word,-
N3,全部売れる,ぜんぶうれる,전부 팔리다,word,-
N3,回収する,かいしゅうする,회수하다,word,-
N3,あつめる,あつめる,모으다,word,-
N3,おかしな,おかしな,이상한,word,-
N3,変な,へんな,이상한,word,-
N3,過ぎる,すぎる,지나다,word,-
N3,あわてて,あわてて,"허둥대며, 황급하게",word,-
N3,急,いそいだようすで,서두르는 모습으로,word,-
N3,カーブしている,カーブしている,굽어 있다,word,-
N3,曲がっている,まがっている,굽어 있다,word,-
N3,きつい,きつい,꼭 끼다 힘들다,word,-
N3,案,あん,"안, 방안",word,-
N3,アイデア,アイデア,아이디어,word,-
N3,約,やく,약,word,-
N3,だいたい,だいたい,대략,word,-
N3,指導する,しどうする,지도하다,word,-
N3,教える,おしえる,가르치다,word,-
N3,すべて,すべて,모두,word,-
N3,全部,ぜんぶ,전부,word,-
N3,手段,しゅだん,수단,word,-
N3,やり方,かた,방식,word,-
N3,配達する,はいたつ,배달하다,word,-
N3,届ける,とどける,"전달하다, 신고하다",word,-
N3,黙って,だまって,아무 말 없이,word,-
N3,何も言わずに,なにいわずに,아무 말 없이,word,-
N3,次第に,しだいに,점차,word,-
N3,少しずつ,すこしずつ,조금씩,word,-
N3,上手,じょうずにできる,능숙하게 할 수 있는,word,-
N3,短気な,たんきな,성급한,word,-
N3,疑う,うたがう,의심하다,word,-
N3,本当ではないと思,ほんとうおもう,사실이 아니라고 생각하다,word,-
N3,機会,きかい,기회,word,-
N3,チャンス,チャンス,"기회, 찬스",word,-
N3,相変わらず,あいかわらず,여전히,word,-
N3,前と同じで,まえおなじで,예전과 같이,word,-
N3,不安だ,ふあんだ,불안하다,word,-
N3,心配だ,しんぱい,걱정이 되다,word,-
N3,学ぶ,まなぶ,배우다,word,-
N3,勉強する,べんきょうする,공부하다,word,-
N3,まったく,まったく,전혀,word,-
N3,ぜんぜん,ぜんぜん,전혀,word,-
N3,延期する,えんきする,연기하다,word,-
N3,後の別の日,あとべつひにやる,나중에 다른 날에 하다,word,-
N3,かがやく,かがやく,빛나다,word,-
N3,光る,ひかる,빛나다,word,-
N3,残念だと思,ざんねんおもう,유감스럽다고 생각하다,word,-
N3,当然,とうぜん,당연히,word,-
N3,もちろん,もちろん,물론,word,-
N3,あまる,あまる,남다,word,-
N3,多すぎて残る,おおのこる,너무 많아서 남다,word,-
N3,横断禁止です,おうだんきんしです,횡단금지입니다,word,-
N3,渡,わたってはいけないです,건너서는 안 됩니다,word,-
N3,協力する,きょうりょくする,협력하다,word,-
N3,あらゆる,あらゆる,"모든, 온갖",word,-
N3,すべての,すべての,모든,word,-
N3,どなる,どなる,호통치다,word,-
N3,大声で怒る,おおごえおこる,큰 소리로 화내다,word,-
N3,未来,みらい,미래,word,-
N3,ユーモア,ユーモア,유머,word,-
N3,回収,かいしゅう,회수,word,-
N3,修理,しゅうり,수리,word,-
N3,まずしい,まずしい,가난하다,word,-
N3,なだらかな,なだらかな,완만한,word,-
N3,区切る,くぎる,구분하다,word,-
N3,ころぶ,ころぶ,넘어지다,word,-
N3,指示,しじ,지시,word,-
N3,見送る,みおくる,배웅하다,word,-
N3,植える,うえる,심다,word,-
N3,正直な,しょうじきな,정직한,word,-
N3,ゆるい,ゆるい,"느슨하다, 완만하다",word,-
N3,性格,せいかく,성격,word,-
N3,受け入れる,ういれる,받아들이다,word,-
N3,そろそろ,そろそろ,슬슬,word,-
N3,緊張,きんちょう,긴장,word,-
N3,暗記,あんき,암기,word,-
N3,通り過ぎる,とおすぎる,지나가다,word,-
N3,訪問,ほうもん,방문,word,-
N3,翻訳,ほんやく,번역,word,-
N3,募集,ぼしゅう,모집,word,-
N3,空,から,빈 상태,word,-
N3,活動,かつどう,활동,word,-
N3,行き先,ゆさき,"목적지, 행선지",word,-
N3,建設,けんせつ,건설,word,-
N3,身につける,みにつける,"익히다, 터득하다",word,-
N3,発生,はっせい,발생,word,-
N3,にぎる,にぎる,움켜쥐다,word,-
N3,だるい,だるい,나른하다,word,-
N3,進歩,しんぽ,진보,word,-
N3,余る,あまる,남다,word,-
N3,効果,こうか,효과,word,-
N3,こぼす,こぼす,"쏟다, 엎지르다",word,-
N3,内容,ないよう,내용,word,-
N3,発展,はってん,발전,word,-
N3,伝わる,つたわる,전달되다,word,-
N3,期限,きげん,기한,word,-
N3,縮小,しゅくしょう,축소,word,-
N3,制限,せいげん,제한,word,-
N3,話しかける,はなしかける,말을 걸다,word,-
N3,離す,はなす,"떼어내다, 분리하다",word,-
N3,移動,いどう,이동,word,-
N3,新鮮な,しんせんな,신선한,word,-
N3,清潔な,せいけつな,깨끗한,word,-
N3,混ぜる,まぜる,섞다,word,-
N3,親しい,したしい,친하다,word,-
N3,締め切り,しきり,마감,word,-
N3,ゆでる,ゆでる,삶다,word,-
N3,似合う,にあう,어울리다,word,-
N3,消費,しょうひ,소비,word,-
N3,急に,きゅうに,갑자기,word,-
N3,沸騰,ふっとう,비등,word,-
N3,まげる,まげる,"구부리다, 굽히다",word,-
N3,慰める,なぐさめる,위로하다,word,-
N3,滞在,たいざい,체재,word,-
N3,身,みにつける,"몸에 걸치다, 몸에 익히다",word,-
N3,中古,ちゅうこ,중고,word,-
N3,受け取る,うとる,"받다, 수취하다",word,-
N3,～におうじて~,～におうじて~,"에 맞추어, ~에 대응하여",word,-
N3,～って(＝と）~,～って(＝と）~,라고,word,-
N3,～ように~,～ように~,하도록,word,-
N3,～ようになる~,～ようになる~,하게 되다 <변화>,word,-
N3,～ばいい~,～ばいい~,하면 된다,word,-
N3,とうとう,とうとう,드디어,word,-
N3,～てほしい~,～てほしい~,했으면 좋겠다,word,-
N3,～ことになっている~,～ことになっている~,하기로 되어 있다,word,-
N3,～にする~,～にする~,으로 하다 <결정>,word,-
N3,～(さ)せないでください~,～(さ)せないでください~,하게 하지 마세요,word,-
N3,お～いたす~,お～いたす~,하다 <겸손>,word,-
N3,～はずがない~,～はずがない~,할 리가 없다,word,-
N3,～させるつもりだ~,～させるつもりだ~,시킬 작정이다,word,-
N3,いつのまにか,いつのまにか,어느새,word,-
N3,ござる,ござる,있다 <정중>,word,-
N3,～すぎる,～すぎる,지나치게 ~하다,word,-
N3,～ために~,～ために~,때문에 <원인>,word,-
N3,～ないうちに~,～ないうちに~,하기 전에,word,-
N3,～だろうけど~,～だろうけど~,하겠지만,word,-
N3,～たびに~,～たびに~,할 때마다,word,-
N3,あいだ~,あいだ~,하는 동안,word,-
N3,～かどうか/～について~,～かどうか/～について~,인지 어떤지 / ~에 대하여,word,-
N3,いまにも～そうだ,いまにも～そうだ,금세라도 ~할 것 같다,word,-
N3,～てあげる~,～てあげる~,해 주다,word,-
N3,いつか,いつか,언젠가,word,-
N3,～たらどうでしょう~,～たらどうでしょう~,하면 어떨까요,word,-
N3,～そうだ~,～そうだ~,할 것 같다,word,-
N3,～なら~,～なら~,라면,word,-
N3,～な~,～な~,하지 마,word,-
N3,お目にかかる,めにかかる,만나뵙다 <겸손>,word,-
N3,～って(＝というのは）~,～って(＝というのは）~,"은, ~라는 것은",word,-
N3,うかがう,うかがう,찾아뵙다 <겸손>,word,-
N3,～ようなら~,～ようなら~,할 것 같으면,word,-
N3,～など~,～など~,등 <나열>,word,-
N3,～させてください~,～させてください~,하게 해 주세요,word,-
N3,～だけでよければ~,～だけでよければ~,만으로 좋다면,word,-
N3,～のことで~,～のことで~,에 관한 일로,word,-
N3,～ほしがる~,～ほしがる~,을 원하다,word,-
N3,～までには~,～までには~,까지는,word,-
N3,～形をしている~,かたちをしている~,모습을 하다,word,-
N3,～たところだ,～たところだ,막 ~한 참이다,word,-
N3,～ような~,～ような~,와 같은,word,-
N3,～そうもない~,～そうもない~,할 것 같지도 않다,word,-
N3,～なんか~,～なんか~,같은 것,word,-
N3,～だけで~,～だけで~,만으로,word,-
N3,～として~,～として~,로서,word,-
N3,～にくらべて~,～にくらべて~,과 비교해서,word,-
N3,さしあげる,さしあげる,드리다 <겸손>,word,-
N3,～にとって~,～にとって~,에게 있어서,word,-
N3,こんなに,こんなに,이렇게,word,-
N3,～られる~,～られる~,할 수 있다 <가능>,word,-
N3,～するところだ~,～するところだ~,하려는 참이다,word,-
N3,どうしたらいいのか,どうしたらいいのか,어떻게 하면 좋을지,word,-
N3,ご覧になる,らんになる,보시다 <존경>,word,-
N3,～かもしれない~,～かもしれない~,할 지도 모른다,word,-
N3,～としても~,～としても~,라고 할지라도,word,-
N3,～なくて~,～なくて~,하지 않아서 <원인>,word,-
N3,～前に~,まえに~,하기 전에,word,-
N3,まだ～ている,まだ～ている,아직 ~하고 있다,word,-
N3,～ていただく~,～ていただく~,해 받다 <겸손>,word,-
N3,～てもらえませんか~,～てもらえませんか~,해 주시겠습니까,word,-
N3,～だろうと思う~,おもう~,할 것이라 생각하다,word,-
N3,～ば～ほど~,～ば～ほど~,하면 할수록,word,-
N3,～たり～たり~,～たり～たり~,하기도 하고 ~하기도 하고,word,-
N3,たしかに,たしかに,"분명히, 확실하게",word,-
N3,～だけ~,～だけ~,뿐,word,-
N3,～ためにも~,～ためにも~,하기 위해서도,word,-
N3,～でも~,～でも~,라도 <예시>,word,-
N3,ＡにＢにＣA,ＡにＢにＣA,"에 B에 C <첨가, 나열>",word,-
N3,～にまで~,～にまで~,에까지,word,-
N3,～を中心に~,ちゅうしんに~,을 중심으로,word,-
N3,～たばかりだ,～たばかりだ,막 ~한 참이다,word,-
N3,～はずだ,～はずだ,틀림없이 ~할 것이다,word,-
N3,～という~,～という~,"라는 <인용, 설명>",word,-
N3,～のだから~,～のだから~,한 것이니까,word,-
N3,近くに,ちかくに,"근처에, 가까이에",word,-
N3,～てもいいんじゃない~,～てもいいんじゃない~,해도 좋지 않을까,word,-
N3,～てくる~,～てくる~,해 오다 <이동의 방향>,word,-
N3,～たら~,～たら~,했더니 <발견>,word,-
N3,～(さ)せていただけませんか~,～(さ)せていただけませんか~,하게 해 주실 수 없겠습니까,word,-
N3,～てもおかしくない~,～てもおかしくない~,해도 이상하지 않다,word,-
N3,あの,あの,저,word,-
N3,～ないといけない~,～ないといけない~,하지 않으면 안 된다,word,-
N3,～と比べて~,くらべて~,과 비교해서,word,-
N3,～がる~,～がる~,해 하다,word,-
N3,～には~,～には~,하려면 <목적>,word,-
N3,必ず,かならず,반드시,word,-
N3,～(さ)せてあげる~,～(さ)せてあげる~,하게 해 주다,word,-
N3,～にくい~,～にくい~,하기 어렵다,word,-
N3,～への~,～への~,로의,word,-
N3,あんなに～のに,あんなに～のに,그렇게나 ~데도,word,-
N3,～なくなってから~,～なくなってから~,하지 않게 되고 나서,word,-
N3,～を~,～を~,"을, ~를",word,-
N3,どこからでも,どこからでも,어디서든,word,-
N3,～によって~,～によって~,"에 따라서 <차이, 구별>",word,-
N3,～らしい~,～らしい~,답다,word,-
N3,～ためなら~,～ためなら~,을 위해서라면,word,-
N3,～ないように~,～ないように~,하지 않도록,word,-
N3,ああ,ああ,저렇게,word,-
N3,～ろ~,～ろ~,해 <명령>,word,-
N3,ご～いたす~,ご～いたす~,합니다 <겸손>,word,-
N3,～でなくてもよければ~,～でなくてもよければ~,아니라도 좋다면,word,-
N3,ご存じだ,ぞんじだ,"아시다, 알고 계시다 <존경>",word,-
N3,～か~,～か~,할지,word,-
N3,～たりする~,～たりする~,하기도 한다,word,-
N3,～でございます~,～でございます~,입니다 <정중>,word,-
N3,～される,～される,억지로 ~하게 되다 <사역수동의 축약>,word,-
N3,～に比べて~,くらべて~,과 비교해서,word,-
N3,～んじゃなくて~,～んじゃなくて~,한 것이 아니라,word,-
N3,～でも何でも~,なんでも~,이든 무엇이든,word,-
N3,もう～ない,もう～ない,이미 ~하지 않는다,word,-
N3,～ぐらい~,～ぐらい~,정도,word,-
N3,～をしている~,～をしている~,를 하고 있다 <상태>,word,-
N3,～ずつしかない~,～ずつしかない~,씩밖에 없다,word,-
N3,～(よ)うとする~,～(よ)うとする~,하려고 하다,word,-
N3,～になら~,～になら~,에게라면,word,-
N3,～たまま~,～たまま~,한 채,word,-
N3,～せいで~,～せいで~,탓에,word,-
N3,～つもりだ~,～つもりだ~,할 작정이다,word,-
N3,～うちに~,～うちに~,하는 사이에,word,-
N3,いらっしゃる,いらっしゃる,계시다 <존경>,word,-
N3,～たこともある~,～たこともある~,한 적도 있다,word,-
N3,どれだけ～か,どれだけ～か,얼마나 ~한지,word,-
N3,誰からも,だれからも,누구로부터든,word,-
N3,～により~,～により~,에 의해서 <원인>,word,-
N3,～(さ)せてください~,～(さ)せてください~,하게 해 주세요,word,-
N3,～のか~,～のか~,인 것인지,word,-
N3,～って(＝という)~,～って(＝という)~,라는,word,-
N3,～はじめる~,～はじめる~,하기 시작하다,word,-
N3,～になるまで~,～になるまで~,가 될 때까지,word,-
N3,ついに,ついに,"끝내, 마침내",word,-
N3,～てくれ~,～てくれ~,해 줘,word,-
N3,～ほかに~,～ほかに~,외에,word,-
N3,～のだったら~,～のだったら~,하는 것이라면,word,-
N3,～ぐらい/～しか～ない~,～ぐらい/～しか～ない~,정도 / ~밖에 ~않는다,word,-
N3,～てしまう/そうだ~,～てしまう/そうだ~,해 버리다 / ~할 것 같다 <양태>,word,-
N3,～なおす,～なおす,다시 ~하다,word,-
N3,～しか~,～しか~,밖에,word,-
N3,～てくれる~,～てくれる~,해 주다,word,-
N3,～だけだ~,～だけだ~,뿐이다,word,-
N3,～してもよさそうだ~,～してもよさそうだ~,할 것 같다 <양태>,word,-
N3,そう,そう,그렇게,word,-
N3,～(さ)せていただきます~,～(さ)せていただきます~,하겠습니다 <겸손>,word,-
N3,～やすい~,～やすい~,하기 쉽다,word,-
N3,どうしても～たい,どうしても～たい,무슨 일이 있어도 ~하고 싶다,word,-
N3,申す,もうす,말하다 <겸손>,word,-
N3,～ておく~,～ておく~,해 두다,word,-
N3,少しも～ない,すこ,조금도 ~않는다,word,-
N3,おっしゃる,おっしゃる,말씀하시다 <존경>,word,-
N3,～ば~,～ば~,하면,word,-
N3,～としたら~,～としたら~,한다고 하면,word,-
N3,お～ください~,お～ください~,해 주십시오 <존경>,word,-
N3,～たくても~,～たくても~,하고 싶어도,word,-
N3,～に対して~,たいして~,"에 대해서, ~를 상대로",word,-
N3,～ても不思議ではない~,ふしぎではない~,해도 이상하지 않다,word,-
N3,～ことができる~,～ことができる~,할 수 있다,word,-
N3,～れる/られる~,～れる/られる~,하게 되다 <수동>,word,-
N3,～ないと~,～ないと~,하지 않으면,word,-
N3,～ましょうか~,～ましょうか~,할까요,word,-
N3,～ばかり~,～ばかり~,뿐,word,-
N3,～に従って~,ともなって~,에 따라,word,-
N3,～たがる~,～たがる~,하고 싶어 하다,word,-
N3,～そうにない~,～そうにない~,할 것 같지 않다,word,-
N3,～だけでも~,～だけでも~,만이라도,word,-
N3,～てから~,～てから~,하고 나서,word,-
N3,～てしまいたい~,～てしまいたい~,해 버리고 싶다,word,-
N3,ようやく,ようやく,마침내,word,-
N3,～てしまう~,～てしまう~,해 버리다,word,-
N3,なんて～だろう,なんて～だろう,얼마나 ~란 말인가,word,-
N3,～ため~,～ため~,때문에,word,-
N3,あと＋,あと＋,시간 표현 앞으로,word,-
N3,～てみる~,～てみる~,해 보다,word,-
N3,いただく,いただく,받다 <겸손>,word,-
N3,～でいらっしゃいます~,～でいらっしゃいます~,입니다 <겸손>,word,-
N3,～しか～ない~,～しか～ない~,밖에 ~않는다,word,-
N3,～ても~,～ても~,해도 <역접>,word,-
N3,～というような~,～というような~,라는 것 같은,word,-
N3,～ことで~,～ことで~,것 때문에 <원인>,word,-
N3,～てもらう~,～てもらう~,해 받다상대로부터 받다,word,-
N3,～だって~,～だって~,라도 <회화체>,word,-
N3,ちっとも～ない,ちっとも～ない,조금도 ~않는다,word,-
N3,どんなに～ことか,どんなに～ことか,얼마나 ~한 일인지,word,-
N3,やらせてやる,やらせてやる,시켜 주다,word,-
N3,～ほど～ない~,～ほど～ない~,만큼 ~않는다,word,-
N3,～おかげだ~,～おかげだ~,덕분이다,word,-
N3,多分,たぶん,아마,word,-
N3,～するまで~,～するまで~,할 때까지,word,-
N3,～方がいい~,ほうがいい~,하는 편이 좋다,word,-
N3,～について/～(さ)せられる~,～について/～(さ)せられる~,에 대하여 / 하게 된다,word,-
N3,～だけでなく~,～だけでなく~,뿐만 아니라,word,-
N3,～の一つに~,ひとつに~,중의 하나로,word,-
N3,言われると,いわれると,말을 들으면 <수동>,word,-
N3,～たことがある~,～たことがある~,한 적이 있다,word,-
N3,～まで~,～まで~,까지,word,-
N3,お～になる~,お～になる~,하시다 <존경>,word,-
N3,～よりも~,～よりも~,보다도,word,-
N3,最も,もっとも,"가장, 제일",word,-
N3,～だけは~,～だけは~,만은,word,-
N3,～てやる~,～てやる~,해 주다,word,-
N3,～と~,～と~,하면,word,-
N3,～なくてはいけない~,～なくてはいけない~,하지 않으면 안 된다,word,-
N3,～で~,～で~,중에서 <범위의 한정>,word,-
N3,音がする,おとがする,소리가 나다,word,-
N3,～のに~,～のに~,인데도,word,-
N3,～の,～の,연체수식절의 の,word,-
N3,ぴったり~,ぴったり~,"꼭, 딱꼭 들어맞거나 잘 어울림",word,-
N3,だれも～ない,だれも～ない,아무도 ~않는다,word,-
N3,～ながら~,～ながら~,하면서,word,-
N3,～ことから~,～ことから~,것으로부터,word,-
N3,あまりに,あまりに,너무나,word,-
N3,どうしてかというと～からだ,どうしてかというと～からだ,어째서인가 하면 ~때문이다,word,-
N3,これまでに,これまでに,지금까지,word,-
N3,～でも/なかなか～ない~,～でも/なかなか～ない~,라도 / 좀처럼 ~않는다,word,-
N3,～のを~,～のを~,것을,word,-
N3,～にしかできない~,～にしかできない~,만이 할 수 있다,word,-
N3,～までで~,～までで~,"까지면, ~까지라도",word,-
N3,どうしても～できない,どうしても～できない,아무리 해도 ~할 수 없다,word,-
N3,～てくれない~,～てくれない~,해 주지 않는다,word,-
N3,さらに,さらに,"게다가, 더욱이",word,-
N3,～というわけだ~,～というわけだ~,인 것이다,word,-
N3,それには,それには,그렇게 하기 위해서는,word,-
N3,ところが～のだ,ところが～のだ,그렇지만 ~것이다,word,-
N3,つまり,つまり,"즉, 결국",word,-
N3,ですから,ですから,그러므로,word,-
N3,～と言っている~,いっている~,라고 말하고 있다,word,-
N3,～のだ~,～のだ~,인 것이다,word,-
N3,この,この,이,word,-
N3,～というのは~,～というのは~,라는 것은,word,-
N3,～ようにする~,～ようにする~,하도록 하다,word,-
N3,～なるのでしょうか~,～なるのでしょうか~,인 걸까요,word,-
N3,なぜなのか,なぜなのか,왜 그런지,word,-
N3,同じ～,おな,같은~,word,-
N3,こういう,こういう,이러한,word,-
N3,～からだ~,～からだ~,때문이다,word,-
N3,それから,それから,그리고,word,-
N3,そこで,そこで,그래서,word,-
N3,～のだと思う~,おもう~,한 것이라고 생각한다,word,-
N3,それとも,それとも,그렇지 않으면,word,-
N3,知りました,しりました,알았습니다,word,-
N3,しかし,しかし,그러나,word,-
N3,その～,その～,그~,word,-
N3,～のだそうだ~,～のだそうだ~,인 것이라고 한다,word,-
N3,気がつく,きがつく,"알아차리다, 깨닫다",word,-
N3,思った,おもった,생각했다,word,-
N3,～と言われる~,いわれる~,라는 말을 듣다,word,-
N3,それ,それ,그것,word,-
N3,～ができる~,～ができる~,을 할 수 있다,word,-
N3,～てくださる~,～てくださる~,해 주시다,word,-
N3,～てあげたい~,～てあげたい~,해 주고 싶다,word,-
N3,そういう,そういう,그러한,word,-
N3,でも,でも,그렇지만 <접속사>,word,-
N3,ところが,ところが,그렇지만,word,-
N3,お世話になりました,せわになりました,신세 많이 졌습니다,word,-
N3,～てくださいませんか~,～てくださいませんか~,해 주시지 않겠습니까,word,-
N3,～でした~,～でした~,이었습니다,word,-
N3,～ている~,～ている~,하고 있다,word,-
N3,～みたいだ~,～みたいだ~,한 것 같다,word,-
N3,すると,すると,"그러자, 그랬더니",word,-
N3,～ようと思っている~,おもっている~,하려고 생각하고 있다,word,-
N3,そのころ,そのころ,그 무렵,word,-
N3,～も~,～も~,도,word,-
N3,気がする,きがする,느낌이 들다,word,-
N3,こんなこと,こんなこと,이런 것,word,-
N3,言いました,いいました,말했습니다,word,-
N3,～の方が~,ほうが~,쪽이,word,-
N3,けれども,けれども,그렇지만,word,-
N3,広がって,ひろがって,넓어져서,word,-
N3,～かどうか~,～かどうか~,인지 어떤지,word,-
N3,～たことがない~,～たことがない~,한 적이 없다,word,-
N3,～(さ)せる~,～(さ)せる~,"시키다, ~하게 하다",word,-
N3,それでも,それでも,그렇지만,word,-
N3,思っていたからです,おもっていたからです,생각하고 있었기 때문입니다,word,-
N3,行ってみることにしました,いってみることにしました,가 보기로 했습니다,word,-
N3,でも~,でも~,라도 <예시>,word,-
N2,相互,そうご,"상호, 서로",word,-
N2,規模,きぼ,규모,word,-
N2,辛い,からい,맵다,word,-
N2,触れる,ふれる,"닿다, 언급하다",word,-
N2,景色,けしき,경치,word,-
N2,尊重する,そんちょうする,존중하다,word,-
N2,備える,そなえる,대비하다,word,-
N2,治療,ちりょう,치료,word,-
N2,防災,ぼうさい,방재,word,-
N2,隣,となり,"옆, 이웃",word,-
N2,敗れる,やぶれる,패배하다,word,-
N2,地元,じもと,"고장, 현지",word,-
N2,要求,ようきゅう,요구,word,-
N2,密接な,みっせつな,밀접한,word,-
N2,祝う,いわう,축하하다,word,-
N2,豊富な,ほうふな,풍부한,word,-
N2,調節,ちょうせつ,조절,word,-
N2,補う,おぎなう,"보완하다, 보충하다",word,-
N2,至急,しきゅう,"지급, 매우 급함",word,-
N2,率直な,そっちょくな,솔직한,word,-
N2,装置,そうち,장치,word,-
N2,抽象的な,ちゅうしょうてきな,추상적인,word,-
N2,占める,しめる,"차지하다, 점유하다",word,-
N2,返却,へんきゃく,반납,word,-
N2,削除,さくじょ,삭제,word,-
N2,針,はり,바늘,word,-
N2,焦点,しょうてん,초점,word,-
N2,撮影,さつえい,촬영,word,-
N2,略する,りゃくする,"생략하다, 줄이다",word,-
N2,破片,はへん,파편,word,-
N2,世の中,よなか,세상,word,-
N2,清潔な,せいけつな,청결한,word,-
N2,勧誘,かんゆう,권유,word,-
N2,隠す,かくす,숨기다,word,-
N2,改めて,あらためて,다시,word,-
N2,姿勢,しせい,자세,word,-
N2,拡充,かくじゅう,확충,word,-
N2,積む,つむ,쌓다,word,-
N2,模範,もはん,모범,word,-
N2,逃亡,とうぼう,도망,word,-
N2,大幅に,おおはばに,대폭적으로,word,-
N2,極端な,きょくたんな,극단적인,word,-
N2,悔しい,くやしい,억울하다,word,-
N2,戻す,もどす,되돌리다,word,-
N2,幼稚な,ようちな,유치한,word,-
N2,継続,けいぞく,계속,word,-
N2,圧勝,あっしょう,압승,word,-
N2,除く,のぞく,"제외하다, 제거하다",word,-
N2,傷む,いたむ,"상하다, 손상되다",word,-
N2,貿易,ぼうえき,무역,word,-
N2,省略,しょうりゃく,생략,word,-
N2,拒否,きょひ,거부,word,-
N2,含める,ふくめる,포함시키다,word,-
N2,囲む,かこむ,"둘러싸다, 에워싸다",word,-
N2,油断,ゆだん,방심,word,-
N2,損害,そんがい,손해,word,-
N2,行事,ぎょうじ,행사,word,-
N2,現象,げんしょう,현상,word,-
N2,詳しい,くわしい,"자세하다, 상세하다",word,-
N2,憎い,にくい,밉다,word,-
N2,貴重な,きちょうな,귀중한,word,-
N2,競う,きそう,"겨루다, 경쟁하다",word,-
N2,怪しい,あやしい,수상하다,word,-
N2,批評,ひひょう,비평,word,-
N2,容姿,ようし,"용모, 외모",word,-
N2,納める,おさめる,"납입하다, 납부하다",word,-
N2,伴う,ともなう,"따르다, 동반하다",word,-
N2,劣る,おとる,"뒤떨어지다, 열등하다",word,-
N2,願望,がんぼう,"소망, 바람",word,-
N2,幼い,おさない,어리다,word,-
N2,握る,にぎる,쥐다,word,-
N2,密閉,みっぺい,밀폐,word,-
N2,絞る,しぼる,"짜다, 범위를 좁히다",word,-
N2,垂直,すいちょく,수직,word,-
N2,乱れる,みだれる,"흐트러지다, 어지러워지다",word,-
N2,柔軟な,じゅうなんな,유연한,word,-
N2,強火,つよび,센 불,word,-
N2,抱える,かかえる,"안다, 껴안다",word,-
N2,求人,きゅうじん,구인,word,-
N2,怖い,こわい,무섭다,word,-
N2,冷蔵庫,れいぞうこ,냉장고,word,-
N2,総額,そうがく,총액,word,-
N2,湿る,しめる,"습기 차다, 축축하다",word,-
N2,抽選,ちゅうせん,추첨,word,-
N2,離れる,はなれる,"떨어지다, 거리가 멀어지다",word,-
N2,企画,きかく,기획,word,-
N2,再度,さいど,"두 번, 재차",word,-
N2,和やかな,なごやかな,"부드럽다, 온화하다",word,-
N2,処理,しょり,처리,word,-
N2,憎む,にくむ,미워하다,word,-
N2,偶然,ぐうぜん,우연히,word,-
N2,刺激,しげき,자극,word,-
N2,恥,はじ,"부끄러움, 창피",word,-
N2,圧倒的,あっとうてき,압도적,word,-
N2,等しい,ひとしい,"같다, 다름없다",word,-
N2,軽傷,けいしょう,"경상, 가벼운 부상",word,-
N2,負担,ふたん,부담,word,-
N2,映る,うつる,"비치다, 영상으로 나타나다",word,-
N2,下旬,げじゅん,하순,word,-
N2,倒す,たおす,쓰러뜨리다,word,-
N2,険しい,けわしい,험하다,word,-
N2,比較的,ひかくてき,비교적,word,-
N2,下降,かこう,하강,word,-
N2,著しい,いちじるしい,"현저하다, 두드러지다",word,-
N2,声援,せいえん,성원,word,-
N2,傾く,かたむく,기울다,word,-
N2,情景,じょうけい,정경,word,-
N2,乏しい,とぼしい,부족하다,word,-
N2,介護,かいご,"개호, 간병",word,-
N2,焦る,あせる,"초조해하다, 안달하다",word,-
N2,賛否,さんび,"찬부, 찬반",word,-
N2,記憶,きおく,기억,word,-
N2,偉い,えらい,훌륭하다,word,-
N2,途端に,とたんに,갑자기,word,-
N2,務める,つとめる,"임무를 맡다, 노력하다",word,-
N2,素材,そざい,소재,word,-
N2,警備,けいび,경비,word,-
N2,外れる,はずれる,"빠지다, 빗나가다",word,-
N2,世間,せけん,"세간, 세상",word,-
N2,勇ましい,いさましい,"용감하다, 활발하다",word,-
N2,運賃,うんちん,운임,word,-
N2,握手,あくしゅ,악수,word,-
N2,腕,うで,팔,word,-
N2,善良な,ぜんりょうな,선량한,word,-
N2,平等,びょうどう,평등,word,-
N2,詳細,しょうさい,상세,word,-
N2,分析,ぶんせき,분석,word,-
N2,絡まる,からまる,얽히다,word,-
N2,農薬,のうやく,농약,word,-
N2,鮮やかな,あざやかな,선명한,word,-
N2,優秀な,ゆうしゅうな,우수한,word,-
N2,迷う,まよう,"헤매다, 망설이다",word,-
N2,背骨,せぼね,"등뼈, 척추",word,-
N2,実践,じっせん,실천,word,-
N2,衣装,いしょう,의상,word,-
N2,礼儀,れいぎ,예의,word,-
N2,開催,かいさい,개최,word,-
N2,出世,しゅっせ,출세,word,-
N2,頼り,たより,"연고, 의지가 되는 것",word,-
N2,伝統,でんとう,전통,word,-
N2,暮らす,くらす,살다,word,-
N2,象徴,しょうちょう,상징,word,-
N2,与える,あたえる,주다,word,-
N2,激しい,はげしい,심하다,word,-
N2,管理,かんり,관리,word,-
N2,登録,とうろく,등록,word,-
N2,福祉,ふくし,복지,word,-
N2,誘う,さそう,"권유하다, 유도하다",word,-
N2,討論,とうろん,토론,word,-
N2,変更,へんこう,변경,word,-
N2,属する,ぞくする,속하다,word,-
N2,導く,みちびく,"이끌다, 지도하다",word,-
N2,訪れる,おとずれる,방문하다,word,-
N2,扱う,あつかう,"다루다, 취급하다",word,-
N2,収穫,しゅうかく,수확,word,-
N2,積極的な,せっきょくてきな,적극적인,word,-
N2,勢い,いきおい,기세,word,-
N2,抵抗,ていこう,저항,word,-
N2,組織,そしき,조직,word,-
N2,肩,かた,어깨,word,-
N2,至るところ,いたるところ,"도처, 모든 장소",word,-
N2,削る,けずる,"깎다, 삭감하다",word,-
N2,真剣な,しんけんな,진지한,word,-
N2,講義,こうぎ,강의,word,-
N2,努める,つとめる,노력하다,word,-
N2,寄付,きふ,기부,word,-
N2,果たす,はたす,완수하다,word,-
N2,即座に,そくざに,"즉석에서, 그 자리에서",word,-
N2,招待,しょうたい,초대,word,-
N2,責める,せめる,"책망하다, 나무라다",word,-
N2,湿っぽい,しめっぽい,"눅눅하다, 습기 차다",word,-
N2,接続,せつぞく,접속,word,-
N2,援助,えんじょ,원조,word,-
N2,逆らう,さからう,"거스르다, 거역하다",word,-
N2,破れる,やぶれる,"찢어지다, 파손되다",word,-
N2,批判,ひはん,비판,word,-
N2,面倒な,めんどうな,"귀찮은, 성가신",word,-
N2,拾う,ひろう,줍다,word,-
N2,距離,きょり,거리,word,-
N2,混乱,こんらん,혼란,word,-
N2,驚く,おどろく,놀라다,word,-
N2,順調な,じゅんちょうな,순조로운,word,-
N2,講師,こうし,강사,word,-
N2,争う,あらそう,다투다,word,-
N2,腹,はら,배신체의 일부,word,-
N2,指摘,してき,지적,word,-
N2,恵まれる,めぐまれる,"혜택 받다, 풍부하다",word,-
N2,簡潔な,かんけつな,간결한,word,-
N2,招く,まねく,"부르다, 초대하다",word,-
N2,参照,さんしょう,참조,word,-
N2,保証,ほしょう,보증,word,-
N2,焦げる,こげる,"눋다, 타다",word,-
N2,催し,もよおし,"행사, 모임",word,-
N2,症状,しょうじょう,증상,word,-
N2,硬貨,こうか,"동전, 주화",word,-
N2,快く,こころよく,흔쾌히,word,-
N2,製造,せいぞう,제조,word,-
N2,凍る,こおる,얼다,word,-
N2,救う,すくう,구조하다,word,-
N2,好調な,こうちょうな,"호조인, 순조로운",word,-
N2,永久,えいきゅう,영구영원,word,-
N2,在籍,ざいせき,재적,word,-
N2,従う,したがう,"따르다, 복종하다",word,-
N2,領収書,りょうしゅうしょ,영수증,word,-
N2,荒い,あらい,거칠다,word,-
N2,豊かな,ゆたかな,"풍부한, 부유한",word,-
N2,養う,やしなう,"기르다, 부양하다",word,-
N2,省く,はぶく,생략하다,word,-
N2,迎える,むかえる,맞이하다,word,-
N2,系統,けいとう,계통,word,-
N2,束ねる,たばねる,묶다,word,-
N2,精算,せいさん,정산,word,-
N2,趣味,しゅみ,취미,word,-
N2,濃い,こい,"짙다, 진하다",word,-
N2,混じる,まじる,섞이다,word,-
N2,損,そん,손해,word,-
N2,演技,えんぎ,연기,word,-
N2,違反,いはん,위반,word,-
N2,陽気な,ようきな,"밝고 쾌활한, 명랑한",word,-
N2,見逃す,みのがす,놓치다,word,-
N2,拡張,かくちょう,확장,word,-
N2,帰省,きせい,귀성,word,-
N2,縮める,ちぢめる,줄이다,word,-
N2,異色,いしょく,이색,word,-
N2,返品,へいぴん,반품,word,-
N2,乱暴,らんぼう,난폭,word,-
N2,弱点,じゃくてん,약점,word,-
N2,任せる,まかせる,맡기다,word,-
N2,順調,じゅんちょう,순조로움,word,-
N2,積もる,つもる,쌓이다,word,-
N2,登る,のぼる,오르다,word,-
N2,住居,じゅうきょ,주거,word,-
N2,典型的な,てんけいてきな,전형적인,word,-
N2,欲,よく,욕심,word,-
N2,俳優,はいゆう,배우,word,-
N2,診断,しんだん,진단,word,-
N2,布,ぬの,천 직물,word,-
N2,捨てる,すてる,버리다,word,-
N2,機嫌,きげん,기분,word,-
N2,損失,そんしつ,손실,word,-
N2,研修,けんしゅう,연수,word,-
N2,耐える,たえる,견디다,word,-
N2,投票,とうひょう,투표,word,-
N2,志望,しぼう,지망,word,-
N2,短編,たんぺん,단편,word,-
N2,散る,ちる,"떨어지다, 흩어지다",word,-
N2,柔らかい,やわらかい,부드럽다,word,-
N2,疲労,ひろう,피로,word,-
N2,避難,ひなん,피난,word,-
N2,敬う,うやまう,존경하다,word,-
N2,受講,じゅこう,수강,word,-
N2,厚かましい,あつかましい,뻔뻔하다,word,-
N2,諸問題,しょもんだい,여러 문제,word,-
N2,２対,たい,１ 2 대,word,-
N2,商店街,しょうてんがい,"상점가, 상가",word,-
N2,再放送,さいほうそう,재방송,word,-
N2,高収入,こうしゅうにゅう,고수입,word,-
N2,予約制,よやくせい,예약제,word,-
N2,副社長,ふくしゃちょう,부사장,word,-
N2,就職率,しゅうしょくりつ,취직률,word,-
N2,集中力,しゅうちゅうりょく,집중력,word,-
N2,旧制度,きゅうせいど,구제도,word,-
N2,医学界,いがくかい,의학계,word,-
N2,文学賞,ぶんがくしょう,문학상,word,-
N2,準優勝,じゅんゆうしょう,준우승,word,-
N2,悪条件,あくじょうけん,악조건,word,-
N2,現段階,げんだんかい,현 단계,word,-
N2,クリーム状,じょう,크림 상태,word,-
N2,非公式,ひこうしき,비공식,word,-
N2,一日おき,いちにちおき,하루 걸러,word,-
N2,総売上,そううりあげ,총매출,word,-
N2,来シーズン,らいシーズン,다음 시즌,word,-
N2,ビジネスマン風,ふう,비즈니스맨풍,word,-
N2,真夜中,まよなか,한밤중,word,-
N2,仮採用,かりさいよう,임시 채용,word,-
N2,投票率,とうひょうりつ,투표율,word,-
N2,国際色,こくさいしょく,국제색,word,-
N2,アルファベット順,じゅん,알파벳순,word,-
N2,諸外国,しょがいこく,"제 외국, 외국 여러 나라",word,-
N2,半透明,はんとうめい,반투명,word,-
N2,低価格,ていかかく,저가격,word,-
N2,日本流,にほんりゅう,"일본류, 일본식",word,-
N2,準決勝,じゅんけっしょう,준결승,word,-
N2,再提出,さいていしゅつ,"재제출, 다시 제출함",word,-
N2,親子連れ,おやこづれ,부모 자식 동반,word,-
N2,東京駅発,とうきょうえきはつ,도쿄 역 출발,word,-
N2,薄暗い,うすぐらい,"어둑어둑하다, 침침하다",word,-
N2,音楽全般,おんがくぜんぱん,음악 전반,word,-
N2,風邪気味,かぜぎみ,감기 기운,word,-
N2,最有力,さいゆうりょく,"최유력, 가장 유력",word,-
N2,食器類,しょっきるい,식기류,word,-
N2,夏休み明け,なつやすあけ,여름 방학 끝 무렵,word,-
N2,作品集,さくひんしゅう,작품집,word,-
N2,危険性,きけんせい,위험성,word,-
N2,線路沿い,せんろぞい,선로가,word,-
N2,未経験,みけいけん,미경험,word,-
N2,期限切れ,きげんぎれ,기한 종료,word,-
N2,電車賃,でんしゃちん,전철 요금,word,-
N2,高性能,こうせいのう,고성능,word,-
N2,祭りムード一色,まついっしょく,축제 분위기 일색,word,-
N2,応援団,おうえんだん,응원단,word,-
N2,無責任,むせきにん,무책임,word,-
N2,悪影響,あくえいきょう,악영향,word,-
N2,子供連れ,こどもづれ,자녀 동반,word,-
N2,成功率,せいこうりつ,성공률,word,-
N2,招待状,しょうたいじょう,초대장,word,-
N2,現実離れ,げんじつばなれ,현실을 벗어남,word,-
N2,真新しい,まあたらしい,완전히 새롭다,word,-
N2,ヨーロッパ風,ふう,유럽풍,word,-
N2,異文化,いぶんか,이문화,word,-
N2,結婚観,けっこんかん,결혼관,word,-
N2,年代順,ねんだいじゅん,연대순,word,-
N2,高水準,こうすいじゅん,고수준,word,-
N2,管理下,かんりか,관리하,word,-
N2,日本式,にほんしき,일본식,word,-
N2,再開発,さいかいはつ,재개발,word,-
N2,未使用,みしよう,미사용,word,-
N2,主成分,しゅせいぶん,주성분,word,-
N2,勉強づけ,べんきょうづけ,공부 몰입,word,-
N2,初年度,しょねんど,초년도,word,-
N2,前社長,ぜんしゃちょう,전 사장,word,-
N2,会員制,かいいんせい,회원제,word,-
N2,家族連れ,かぞくづれ,가족 동반,word,-
N2,真後ろ,まうしろ,바로 뒤,word,-
N2,住宅街,じゅうたくがい,주택가,word,-
N2,不正確,ふせいかく,부정확,word,-
N2,低カロリー,ていカロリー,저칼로리,word,-
N2,会社員風,かいしゃいんふう,회사원풍,word,-
N2,スキー場,じょう,스키장,word,-
N2,来学期,らいがっき,다음 학기,word,-
N2,進学率,しんがくりつ,진학률,word,-
N2,副大臣,ふくだいじん,부대신차관,word,-
N2,学年別,がくねんべつ,학년별,word,-
N2,無計画,むけいかく,무계획,word,-
N2,送信元,そうしんもと,송신원,word,-
N2,働き手,はたらて,일 손,word,-
N2,メリカ流,りゅう,"아메리카류, 미국식",word,-
N2,別れ際,わかぎわ,헤어질 때,word,-
N2,前町長,ぜんちょうちょう,전 읍장,word,-
N2,頼みづらい,たのみづらい,부탁하기 어렵다,word,-
N2,政治色,せいじしょく,정치색,word,-
N2,都会育ち,とかいそだち,도시에서 자람,word,-
N2,一仕事,ひとしごと,한 가지 일,word,-
N2,ボール状,じょう,"볼형, 동그란 모양",word,-
N2,別会場,べつかいじょう,다른 회장,word,-
N2,現社長,げんしゃちょう,현재 사장,word,-
N2,同意見,どういけん,같은 의견,word,-
N2,食べ頃,たごろ,"먹기에 적당한 때, 제철",word,-
N2,仮登録,かりとうろく,"가등록, 임시 등록",word,-
N2,異分野,いぶんや,다른 분야,word,-
N2,写真付き,しゃしんつき,사진 첨부,word,-
N2,現制度,げんせいど,현재 제도,word,-
N2,用心深い,ようじんぶかい,조심성이 많다,word,-
N2,貴財団,きざいだん,귀재단,word,-
N2,無回答,むかいとう,"무회답, 무응답",word,-
N2,日本風,にほんふう,일본풍,word,-
N2,壁際,かべぎわ,"벽가, 벽 옆",word,-
N2,対抗心,たいこうしん,대항심,word,-
N2,諸手続き,しょてつづき,여러 수속,word,-
N2,二人連れ,ふたりづれ,두사람 일행,word,-
N2,主原料,しゅげんりょう,주원료,word,-
N2,読書離れ,どくしょばなれ,독서 기피,word,-
N2,決定権,けっていけん,결정권,word,-
N2,名選手,めいせんしゅ,명선수,word,-
N2,最接近,さいせっきん,최접근,word,-
N2,私宛て,わたしあて,내 앞,word,-
N2,のんびり,のんびり,한가로이,word,-
N2,徐に,じょじょに,서서히,word,-
N2,マイペース,マイペース,마이 페이스,word,-
N2,上昇,じょうしょう,상승,word,-
N2,評判,ひょうばん,평판,word,-
N2,シーズン,シーズン,시즌,word,-
N2,尽きる,つきる,"다하다, 소진되다",word,-
N2,温厚な,おんこうな,"온후한, 다정다감한",word,-
N2,発揮,はっき,발휘,word,-
N2,相次ぐ,あいつぐ,"잇따르다, 이어지다",word,-
N2,あいまいな,あいまいな,애매한,word,-
N2,通じる,つうじる,통하다,word,-
N2,有効,ゆうこう,유효,word,-
N2,含む,ふくむ,포함하다,word,-
N2,解消,かいしょう,해소,word,-
N2,ぶらぶら,ぶらぶら,어슬렁어슬렁,word,-
N2,改善,かいぜん,개선,word,-
N2,活気,かっき,활기,word,-
N2,迫る,せまる,"다가오다, 임박하다",word,-
N2,詰まる,つまる,"가득 차다, 막히다",word,-
N2,割と,わりと,비교적,word,-
N2,反映,はんえい,반영,word,-
N2,視野,しや,시야,word,-
N2,ぼんやり,ぼんやり,"희미하게, 멍하게",word,-
N2,さっぱり,さっぱり,전혀,word,-
N2,強み,つよみ,강점,word,-
N2,機能,きのう,기능,word,-
N2,散らかる,ちらかる,"흩어지다, 어질러지다",word,-
N2,偏る/片寄る,かたよかたよる,"치우치다, 편중되다",word,-
N2,辞退,じたい,사퇴,word,-
N2,着と,ちゃくちゃくと,"착착, 순조롭게",word,-
N2,得る,える,얻다,word,-
N2,いらいらする,いらいらする,초조해하다,word,-
N2,ぐち,ぐち,"푸념, 넋두리",word,-
N2,改正,かいせい,개정,word,-
N2,場面,ばめん,장면,word,-
N2,夢中,むちゅう,열중,word,-
N2,成長,せいちょう,성장,word,-
N2,ごろごろ,ごろごろ,"데굴데굴, 뒹굴뒹굴",word,-
N2,適度な,てきどな,"적당한, 알맞은",word,-
N2,呼び止める,よとめる,불러 세우다,word,-
N2,中継,ちゅうけい,중계,word,-
N2,解散,かいさん,해산,word,-
N2,ぜいたくな,ぜいたくな,사치스러운,word,-
N2,スムーズに,スムーズに,부드럽게,word,-
N2,見当がつく,けんとうがつく,짐작이 가다,word,-
N2,つらい,つらい,"괴롭다, 힘들다",word,-
N2,すっきり,すっきり,"산뜻하게, 후련하게",word,-
N2,意欲,いよく,의욕,word,-
N2,比例,ひれい,비례,word,-
N2,専念,せんねん,전념,word,-
N2,つまずく,つまずく,"걸려 넘어지다, 좌절하다",word,-
N2,格好,かっこう,"모습, 모양",word,-
N2,あいにく,あいにく,공교롭게도,word,-
N2,腹を立てる,はらたてる,화를 내다,word,-
N2,思いきって,おもいきって,과감하게,word,-
N2,導入,どうにゅう,도입,word,-
N2,訂正,ていせい,정정,word,-
N2,やかましい,やかましい,시끄럽다,word,-
N2,目指す,めざす,"지향하다, 목표로 하다",word,-
N2,パンク,パンク,펑크,word,-
N2,一気に,いっきに,"단숨에, 단번에",word,-
N2,あらかじめ,あらかじめ,미리,word,-
N2,蓄える,たくわえる,"저축하다, 비축하다",word,-
N2,体格,たいかく,체격,word,-
N2,リラックスする,リラックスする,긴장을 풀다,word,-
N2,差し支える,さつかえる,지장이 있다,word,-
N2,うとうと,うとうと,꾸벅꾸벅조는 모양,word,-
N2,特色,とくしょく,특색,word,-
N2,予測,よそく,예측,word,-
N2,びっしょり,びっしょり,흠뻑완전히 젖은 모양,word,-
N2,濁る,にごる,"흐려지다, 탁해지다",word,-
N2,輝かしい,かがやかしい,"빛나다, 눈부시다",word,-
N2,完了,かんりょう,완료,word,-
N2,面する,めんする,"면하다, 마주 대하다",word,-
N2,バランス,バランス,"밸런스, 균형",word,-
N2,鋭い,するどい,"날카롭다, 예리하다",word,-
N2,たっぷり,たっぷり,듬뿍,word,-
N2,デザイン,デザイン,디자인,word,-
N2,相違,そうい,"다름, 틀림",word,-
N2,時間を潰,じかんつぶす,"시간을 때우다, 시간을 보내다",word,-
N2,安易な,あんいな,안이한,word,-
N2,提供,ていきょう,제공,word,-
N2,ぐったり,ぐったり,매우 지친 모습,word,-
N2,ショック,ショック,"쇼크, 충격",word,-
N2,普及,ふきゅう,보급,word,-
N2,じゃま,じゃま,방해,word,-
N2,引き止める,ひとめる,"만류하다, 제지하다",word,-
N2,なだらかな,なだらかな,완만한,word,-
N2,リーダー,リーダー,"리더, 지도자",word,-
N2,活発な,かっぱつな,활발한,word,-
N2,頼もしい,たのもしい,믿음직하다,word,-
N2,割り込む,わこむ,끼어들다,word,-
N2,おだやかな,おだやかな,온화한,word,-
N2,確保,かくほ,확보,word,-
N2,アピール,アピール,"어필, 호소",word,-
N2,悔やむ,くやむ,"분하게 여기다, 후회하다",word,-
N2,契機,けいき,계기,word,-
N2,ひそひそ,ひそひそ,소근소근,word,-
N2,苦情,くじょう,"불평, 클레임",word,-
N2,名所,めいしょ,명소,word,-
N2,ぎりぎり,ぎりぎり,아슬아슬,word,-
N2,有利な,ゆうりな,유리한,word,-
N2,打ち消す,うけす,부정하다,word,-
N2,そそっかしい,そそっかしい,경솔하다,word,-
N2,アレンジ,アレンジ,"어레인지, 각색",word,-
N2,独特,どくとく,독특,word,-
N2,欠かす,かかす,빠뜨리다,word,-
N2,でたらめに,でたらめに,아무렇게나,word,-
N2,達する,たっする,"도달하다, 이르다",word,-
N2,スペース,スペース,"스페이스, 공간",word,-
N2,点検,てんけん,점검,word,-
N2,にっこり,にっこり,"생긋, 방긋",word,-
N2,続出,ぞくしゅつ,속출,word,-
N2,飛び散る,とちる,사방에 흩날리다,word,-
N2,敏感,びんかん,민감,word,-
N2,プレッシャー,プレッシャー,"프레셔, 압력",word,-
N2,不安定,ふあんてい,불안정,word,-
N2,おとろえる,おとろえる,쇠퇴하다,word,-
N2,分担,ぶんたん,분담,word,-
N2,ふさわしい,ふさわしい,어울리다,word,-
N2,本物,ほんもの,"진짜, 실물",word,-
N2,あこがれ,あこがれ,"동경, 그리움",word,-
N2,転勤,てんきん,전근,word,-
N2,栽培,さいばい,재배,word,-
N2,うなずく,うなずく,"수긍하다, 고개를끄덕이다",word,-
N2,ごちゃごちゃ,ごちゃごちゃ,"어수선하게, 너저분하게",word,-
N2,評価,ひょうか,평가,word,-
N2,尊重,そんちょう,존중,word,-
N2,ターゲット,ターゲット,"타겟, 핵심 고객층",word,-
N2,気配,けはい,"기미, 분위기",word,-
N2,いいかげんな,いいかげんな,무책임한,word,-
N2,タイミング,タイミング,"타이밍, 적절한 순간",word,-
N2,気軽に,きがるに,부담 없이,word,-
N2,添付,てんぷ,첨부,word,-
N2,じろじろ,じろじろ,"빤히, 뚫어지게",word,-
N2,限界,げんかい,한계,word,-
N2,固める,かためる,굳히다,word,-
N2,解約,かいやく,해약,word,-
N2,ニーズ,ニーズ,"니즈, 요구",word,-
N2,開設,かいせつ,개설,word,-
N2,雇う,やとう,고용하다,word,-
N2,思いきる,おもいきる,결심하다,word,-
N2,交渉,こうしょう,교섭,word,-
N2,クリア,クリア,"클리어, 해결",word,-
N2,劇的に,げきてきに,극적으로,word,-
N2,締め切る,しきる,마감하다,word,-
N2,ぞろぞろ,ぞろぞろ,졸졸,word,-
N2,設備,せつび,설비,word,-
N2,進出,しんしゅつ,진출,word,-
N2,まれな,まれな,"드문, 희귀한",word,-
N2,ぎっしり,ぎっしり,가득,word,-
N2,いだく,いだく,품다,word,-
N2,誤解,ごかい,오해,word,-
N2,節約,せつやく,절약,word,-
N2,飛びつく,とびつく,달려들다,word,-
N2,こそこそ,こそこそ,"살금살금, 소곤소곤",word,-
N2,話題,わだい,화제,word,-
N2,後悔,こうかい,후회,word,-
N2,リハーサル,リハーサル,"리허설, 예행 연습",word,-
N2,特定,とくてい,특정,word,-
N2,かさかさ,かさかさ,"바삭바삭, 꺼칠꺼칠",word,-
N2,まねる,まねる,"흉내내다, 모방하다",word,-
N2,盛り上がる,もあがる,고조되다,word,-
N2,もてなす,もてなす,대접하다,word,-
N2,通過,つうか,통과,word,-
N2,インパクト,インパクト,"임팩트, 충격",word,-
N2,報道,ほうどう,보도,word,-
N2,多大な,ただいな,매우 큰,word,-
N2,溶け込む,とこむ,녹아들다,word,-
N2,衰える,おとろえる,쇠퇴하다,word,-
N2,思い込む,おもこむ,"마음먹다, 믿다",word,-
N2,口調,くちょう,"어조, 말투",word,-
N2,役目,やくめ,임무,word,-
N2,ずうずうしい,ずうずうしい,뻔뻔스럽다,word,-
N2,とりあえず,とりあえず,"우선, 일단",word,-
N2,一応,いちおう,"우선, 일단",word,-
N2,譲る,ゆずる,양도하다,word,-
N2,売る,うる,팔다,word,-
N2,雑談,ざつだん,잡담,word,-
N2,おしゃべり,おしゃべり,"잡담, 수다",word,-
N2,賢い,かしこい,똑똑하다,word,-
N2,頭がいい,あたまがいい,머리가 좋다,word,-
N2,大げさ,おおげさ,과장,word,-
N2,オーバー,オーバー,오버,word,-
N2,勝手な,かってな,제멋대로인,word,-
N2,わがままな,わがままな,제멋대로인,word,-
N2,たびたび,たびたび,종종,word,-
N2,何度も,なんども,몇 번이고,word,-
N2,ぶかぶかだ,ぶかぶかだ,"헐렁헐렁하다옷, 신발이 큰 모양",word,-
N2,とても大きい,おおきい,매우 크다,word,-
N2,見解,けんかい,견해,word,-
N2,考え方,かんがかた,"생각, 사고방식",word,-
N2,レンタルする,レンタルする,대여하다,word,-
N2,借りる,かりる,빌리다,word,-
N2,ブーム,ブーム,붐,word,-
N2,流行,りゅうこう,유행,word,-
N2,慎重に,しんちょうに,신중하게,word,-
N2,注意して,ちゅういして,주의하여,word,-
N2,縮む,ちぢむ,"줄어들다, 축소되다",word,-
N2,小さくなる,ちいさくなる,작아지다,word,-
N2,ほぼ,ほぼ,거의,word,-
N2,だいたい,だいたい,대체로,word,-
N2,回復する,かいふくする,회복하다,word,-
N2,よくなる,よくなる,좋아지다,word,-
N2,くたくたになる,くたくたになる,"기진맥진하다, 녹초가 되다",word,-
N2,疲れる,つかれる,"지치다, 피곤하다",word,-
N2,わずかな,わずかな,얼마 안 되는,word,-
N2,少し,すこし,조금,word,-
N2,うつむく,うつむく,고개를 숙이다,word,-
N2,下を向く,したむく,아래를 보다,word,-
N2,いきなり,いきなり,갑자기,word,-
N2,突然,とつぜん,갑자기,word,-
N2,直ちに,ただちに,즉시,word,-
N2,すぐに,すぐに,바로,word,-
N2,奇妙な,きみょうな,기묘한,word,-
N2,変な,へんな,이상한,word,-
N2,仕上げる,しあげる,"마무리하다, 완성하다",word,-
N2,完成させる,かんせいさせる,완성시키다,word,-
N2,日中,にっちゅう,"대낮, 한낮",word,-
N2,昼間,ひるま,"대낮, 한낮",word,-
N2,乾かない,かわかない,마르지 않다,word,-
N2,追加する,ついかする,추가하다,word,-
N2,足す,たす,더하다,word,-
N2,相当,そうとう,상당히,word,-
N2,かなり,かなり,"꽤, 상당히",word,-
N2,じっとする,じっとする,가만히 있다,word,-
N2,動かない,うごかない,움직이지 않는다,word,-
N2,誤る,あやまる,"틀리다, 실수하다",word,-
N2,正しくない,ただしくない,"옳지 않다, 맞지 않다",word,-
N2,かさかさする,かさかさする,"거칠거칠하다,마르다",word,-
N2,乾燥する,かんそうする,건조하다,word,-
N2,済ます,すます,"마치다, 끝내다",word,-
N2,終える,おえる,"마치다, 끝내다",word,-
N2,はっきりしない,はっきりしない,확실하지 않은,word,-
N2,思いがけない,おもいがけない,뜻밖이다,word,-
N2,意外だ,いがいだ,의외다,word,-
N2,自ら,みずから,스스로,word,-
N2,自分で,じぶんで,"스스로, 자신이",word,-
N2,そろう,そろう,"갖추어지다, 모이다",word,-
N2,集まる,あつまる,모이다,word,-
N2,およそ,およそ,대략,word,-
N2,計画,けいかく,계획,word,-
N2,プラン,プラン,플랜,word,-
N2,相変わらず,あいかわらず,여전히,word,-
N2,依然として,いぜんとして,여전히,word,-
N2,必死な,ひっしな,"필사적인, 열심인",word,-
N2,一生懸命な,いっしょうけんめいな,열심인,word,-
N2,山の麓,やまふもと,산기슭,word,-
N2,山の下のほう,やましたのほう,산 아래쪽,word,-
N2,サイズをそろえる,サイズをそろえる,사이즈를 같게 하다,word,-
N2,サイズを同,おなじにする,사이즈를 똑같게 하다,word,-
N2,買い占める,かしめる,"매점하다, 사 모으다",word,-
N2,全部買う,ぜんぶかう,모두 사다,word,-
N2,間際,まぎわ,직전,word,-
N2,直前,ちょくぜん,직전,word,-
N2,たちまち,たちまち,"금세, 순식간에",word,-
N2,勘定する,かんじょうする,지불하다,word,-
N2,お金を払う,かねはらう,돈을 지불하다,word,-
N2,異なる,ことなる,다르다,word,-
N2,違う,ちがう,다르다,word,-
N2,たまたま,たまたま,우연히,word,-
N2,明らかな,あきらかな,분명한,word,-
N2,はっきりした,はっきりした,"분명한, 확실한",word,-
N2,用心,ようじん,조심,word,-
N2,注意,ちゅうい,주의,word,-
N2,騒しい,そうぞうしい,"시끄럽다, 소란스럽다",word,-
N2,うるさい,うるさい,시끄럽다,word,-
N2,所有する,しょゆうする,소유하다,word,-
N2,持つ,もつ,"들다, 소유하다",word,-
N2,おそらく,おそらく,아마,word,-
N2,多分,たぶん,아마,word,-
N2,収納する,しゅうのうする,수납하다,word,-
N2,しまう,しまう,"치우다, 간수하다",word,-
N2,小柄だ,こがらだ,몸집이 작다,word,-
N2,体が小さい,からだちいさい,몸집이 작다,word,-
N2,無口だ,むくちだ,과묵하다,word,-
N2,あまり話,はなさない,그다지 말하지 않는다,word,-
N2,やや,やや,"다소, 조금",word,-
N2,テンポ,テンポ,"템포, 속도",word,-
N2,速さ,はやさ,속도,word,-
N2,妙な,みょうな,묘한,word,-
N2,ささやく,ささやく,속삭이다,word,-
N2,小声で話す,こごえはなす,작은 목소리로 말하다,word,-
N2,かつて,かつて,"일찍이, 예전부터",word,-
N2,以前,いぜん,"이전, 예전",word,-
N2,注目する,ちゅうもくする,주목하다,word,-
N2,関心を持つ,かんしんもつ,관심을 갖다,word,-
N2,じかに,じかに,직접,word,-
N2,直接,ちょくせつ,직접,word,-
N2,衝突する,しょうとつする,충돌하다,word,-
N2,ぶつかる,ぶつかる,충돌하다,word,-
N2,卑怯な,ひきょうな,비겁한,word,-
N2,ずるい,ずるい,"교활하다, 약다",word,-
N2,愉快だ,ゆかいだ,유쾌하다,word,-
N2,面白い,おもしろい,재미있다,word,-
N2,やむをえない,やむをえない,"어쩔 수 없다, 부득이하다",word,-
N2,しかたない,しかたない,어쩔 수 없다,word,-
N2,息抜きする,いきぬきする,"한숨 돌리다, 쉬다",word,-
N2,休む,やすむ,쉬다,word,-
N2,ついている,ついている,운이 좋다,word,-
N2,運がいい,うんがいい,운이 좋다,word,-
N2,つねに,つねに,항상,word,-
N2,いつも,いつも,항상,word,-
N2,過剰だ,かじょうだ,과잉이다,word,-
N2,多すぎる,おおすぎる,너무 많다,word,-
N2,あやまり,あやまり,실수,word,-
N2,間違,まちがっているところ,잘못되어 있는 부분,word,-
N2,臆病だ,おくびょうだ,겁이 많다,word,-
N2,なんでも怖,こわがる,무엇이든 무서워하다,word,-
N2,とっくに,とっくに,진작에,word,-
N2,ずっと前に,まえに,훨씬 전에,word,-
N2,ゆずる,ゆずる,양보하다,word,-
N2,あげる,あげる,주다,word,-
N2,記憶する,きおくする,기억하다,word,-
N2,覚える,おぼえる,외우다,word,-
N2,不平,ふへい,불평,word,-
N2,文句,もんく,"불평, 불만",word,-
N2,むかつく,むかつく,"화가 나다, 역겹다",word,-
N2,怒る,おこる,화가 나다,word,-
N2,ほとんどない,ほとんどない,거의 없는,word,-
N2,当てる,あてる,"맞히다, 부딪다",word,-
N2,ぶつける,ぶつける,부딪다,word,-
N2,あわれな,あわれな,불쌍한,word,-
N2,かわいそうな,かわいそうな,불쌍한,word,-
N2,当分,とうぶん,"당분간, 잠시",word,-
N2,しばらく,しばらく,"당분간, 잠시",word,-
N2,一転する,いってんする,완전히 바뀌다,word,-
N2,すっかり変,かわった,완전히 바뀌다,word,-
N2,じたばたする,じたばたする,허둥거리다,word,-
N2,慌てる,あわてる,"당황해하다, 허둥대다",word,-
N2,テクニック,テクニック,"테크닉, 기술",word,-
N2,技術,きじゅつ,기술,word,-
N2,利口な,りこうな,영리한,word,-
N2,用心する,ようじんする,조심하다,word,-
N2,気をつける,きをつける,조심하다,word,-
N2,くどい,くどい,"장황하다, 집요하다",word,-
N2,しつこい,しつこい,"집요하다, 끈질기다",word,-
N2,物騒になる,ぶっそうになる,위험해지다,word,-
N2,安全,あんぜんじゃなくなる,안전하지 않게 되다,word,-
N2,落ち込む,おこむ,"낙담하다, 악화되다",word,-
N2,がっかりする,がっかりする,"실망하다, 낙담하다",word,-
N2,精いっぱい,せいいっぱい,힘껏,word,-
N2,一生懸命,いっしょうけんめい,열심히,word,-
N2,同情する,どうじょうする,동정하다,word,-
N2,かわいそうだと思,おもう,불쌍하게 생각하다,word,-
N2,定める,さだめる,"정하다, 결정하다",word,-
N2,決める,きめる,"정하다, 결정하다",word,-
N2,ハードな,ハードな,"엄격한, 고된",word,-
N2,大変な,たいへんな,힘든,word,-
N2,動揺する,どうようする,동요하다,word,-
N2,不安になる,ふあんになる,불안해지다,word,-
N2,引き返す,ひかえす,"되돌아가다, 되돌아오다",word,-
N2,戻る,もどる,"되돌아가다, 되돌아오다",word,-
N2,一層,いっそう,"한층 더, 더욱더",word,-
N2,もっと,もっと,"더, 더욱",word,-
N2,かかりつけ,かかりつけ,단골,word,-
N2,いつも行く,いく,늘 가다,word,-
N2,ガイド,ガイド,"가이드, 안내",word,-
N2,案内,あんない,안내,word,-
N2,真剣に,しんけんに,진지하게,word,-
N2,まじめに,まじめに,"진지하게, 성실하게",word,-
N2,あまりいない,あまりいない,별로 없다,word,-
N2,終日,しゅうじつ,종일,word,-
N2,一日中,いちにちじゅう,하루 종일,word,-
N2,いじる,いじる,만지다,word,-
N2,触る,さわる,만지다,word,-
N2,失望する,しつぼうする,실망하다,word,-
N2,とりかかる,とりかかる,착수하다,word,-
N2,仕事を始める,しごとはじめる,일을 시작하다,word,-
N2,人柄,ひとがら,인품,word,-
N2,性格,せいかく,성격,word,-
N2,案の定,あんじょう,아니나 다를까,word,-
N2,やっぱり,やっぱり,역시,word,-
N2,くるむ,くるむ,감싸다,word,-
N2,包む,つつむ,싸다,word,-
N2,最寄り,もより,가장 가까움,word,-
N2,一番近い,いちばんちかい,가장 가깝다,word,-
N2,レンタル,レンタル,"렌탈, 대여",word,-
N2,指図,さしず,지시,word,-
N2,命令,めいれい,명령,word,-
N2,欠かせない,かかせない,빠뜨릴 수 없다,word,-
N2,ないと困る,こまる,없으면 곤란하다,word,-
N2,依然,いぜん,여전히,word,-
N2,まだ,まだ,아직,word,-
N2,再三,さいさん,여러 번,word,-
N2,でたらめ,でたらめ,엉터리,word,-
N2,うそ,うそ,거짓말,word,-
N2,勘定,かんじょう,"지불, 계산",word,-
N2,会計,かいけい,"회계, 계산",word,-
N2,さわがしい,さわがしい,시끄럽다,word,-
N2,書籍,しょせき,서적,word,-
N2,本,ほん,책,word,-
N2,すっかり変わる,かわる,완전히 바뀌다,word,-
N2,とがる,とがる,뾰족해지다,word,-
N2,細くなる,ほそくなる,가늘어지다,word,-
N2,くだらない,くだらない,시시하다,word,-
N2,価値がない,かちがない,가치가 없다,word,-
N2,惜しい,おしい,아깝다,word,-
N2,もったいない,もったいない,아깝다,word,-
N2,概要,がいよう,개요,word,-
N2,大体の内容,だいたいないよう,대체적인 내용,word,-
N2,油断している,ゆだんしている,방심하고 있다,word,-
N2,気を付,きつけていない,조심하지 않는다,word,-
N2,各自,かくじ,각자,word,-
N2,一人一人,ひとりひとり,한사람 한사람,word,-
N2,深刻な,しんこくな,심각한,word,-
N2,重大な,じゅうだいな,중대한,word,-
N2,同僚,どうりょう,동료,word,-
N2,同じ会社の人,おなかいしゃひと,같은 회사 사람,word,-
N2,おおよそ,おおよそ,대략,word,-
N2,大体,だいたい,대충,word,-
N2,マナー,マナー,"매너, 예의",word,-
N2,行儀,ぎょうぎ,"예의, 예절",word,-
N2,いばる,いばる,뽐내다,word,-
N2,偉そうな,えらそうな,잘난 체하는,word,-
N2,収納,しゅうのう,수납,word,-
N2,しまう,しまう,물건 등을넣다,word,-
N2,修正する,しゅうせいする,수정하다,word,-
N2,直す,なおす,고치다,word,-
N2,次第に,しだいに,"점차, 점점",word,-
N2,はげる,はげる,벗겨지다,word,-
N2,取れる,とれる,떨어지다,word,-
N2,しぐさ,しぐさ,행위,word,-
N2,動作,どうさ,동작,word,-
N2,取材,しゅざい,취재,word,-
N2,外す,はずす,"떼어 내다, 밖으로 빼내다",word,-
N2,きっかけ,きっかけ,계기,word,-
N2,注目,ちゅうもく,주목,word,-
N2,外見,がいけん,"외관, 겉보기",word,-
N2,保つ,たもつ,"유지하다, 보존하다",word,-
N2,方針,ほうしん,방침,word,-
N2,範囲,はんい,범위,word,-
N2,せめて,せめて,"적어도, 하다못해",word,-
N2,質素な,しっそな,검소한,word,-
N2,利益,りえき,이익,word,-
N2,かなう,かなう,"꿈, 희망 등이 이루어지다",word,-
N2,受け入れる,ういれる,받아들이다,word,-
N2,廃止,はいし,폐지,word,-
N2,矛盾,むじゅん,모순,word,-
N2,心強い,こころづよい,든든하다,word,-
N2,問い合わせる,とあわせる,문의하다,word,-
N2,さっさと,さっさと,"빨리, 서둘러서",word,-
N2,交代,こうたい,"교대, 교체",word,-
N2,塞ぐ,ふさぐ,"막다, 차단하다",word,-
N2,合同,ごうどう,합동,word,-
N2,冷静な,れいせいな,냉정한,word,-
N2,掲示,けいじ,게시,word,-
N2,補足,ほそく,"보충, 보완",word,-
N2,快い,こころよい,"기분 좋다, 유쾌하다",word,-
N2,慌ただしい,あわただしい,"분주하다, 어수선하다",word,-
N2,分野,ぶんや,분야,word,-
N2,かすかな,かすかな,희미한,word,-
N2,生き生き,いいき,생기가 넘치는 모양,word,-
N2,催促,さいそく,재촉,word,-
N2,隔てる,へだてる,"멀리하다, 사이에 두다",word,-
N2,ものたりない,ものたりない,"조금 부족하다, 어딘가 아쉽다",word,-
N2,頑丈な,がんじょうな,튼튼한,word,-
N2,会見,かいけん,회견,word,-
N2,畳む,たたむ,"접다, 개다",word,-
N2,支持,しじ,지지,word,-
N2,合図,あいず,신호,word,-
N2,妥当な,だとうな,타당한,word,-
N2,こつこつと,こつこつと,꾸준하게,word,-
N2,言い訳,いわけ,변명,word,-
N2,手軽な,てがるな,"손쉬운, 간편한",word,-
N2,温暖な,おんだんな,온난한,word,-
N2,作成,さくせい,작성,word,-
N2,振り向く,ふむく,돌아보다,word,-
N2,いったん,いったん,일단,word,-
N2,用途,ようと,용도,word,-
N2,思いつく,おもいつく,생각이 떠오르다,word,-
N2,甘やかす,あまやかす,응석을 받아 주다,word,-
N2,中断,ちゅうだん,중단,word,-
N2,行方,ゆくえ,행방,word,-
N2,たくましい,たくましい,"씩씩하다, 늠름하다",word,-
N2,発達,はったつ,발달,word,-
N2,延長,えんちょう,연장,word,-
N2,さびる,さびる,녹슬다,word,-
N2,引退,いんたい,은퇴,word,-
N2,目上,めうえ,"손윗사람, 연장자",word,-
N2,おおげさ,おおげさ,과장,word,-
N2,生じる,しょうじる,생기다,word,-
N2,反省,はんせい,반성,word,-
N2,頂上,ちょうじょう,정상,word,-
N2,分解,ぶんかい,분해,word,-
N2,略す,りゃくす,줄이다,word,-
N2,覆う,おおう,덮다,word,-
N2,破る,やぶる,"찢다, 파기하다",word,-
N2,限定,げんてい,한정,word,-
N2,一斉に,いっせいに,일제히,word,-
N2,散らかす,ちらかす,"어지르다, 흩뜨리다",word,-
N2,論争,ろんそう,논쟁,word,-
N2,演説,えんぜつ,연설,word,-
N2,きっぱり,きっぱり,단호히,word,-
N2,保存,ほぞん,보존,word,-
N2,鈍い,にぶい,둔하다,word,-
N2,日課,にっか,일과,word,-
N2,多彩,たさい,다채,word,-
N2,乗り継ぐ,のつぐ,다른 탈것으로 갈아타다,word,-
N2,初歩,しょほ,초보,word,-
N2,だらしない,だらしない,단정하지 못하다,word,-
N2,特殊,とくしゅ,특수,word,-
N2,しみる,しみる,"번지다, 스며들다",word,-
N2,充満,じゅうまん,충만,word,-
N2,めくる,めくる,넘기다,word,-
N2,初期,しょき,초기,word,-
N2,打ち明ける,うあける,"털어놓다, 고백하다",word,-
N2,欠陥,けっかん,결함,word,-
N2,引用,いんよう,인용,word,-
N2,ほっと,ほっと,긴장이 풀려 안심하는 모양,word,-
N2,展開,てんかい,전개,word,-
N2,妥当,だとう,타당,word,-
N2,かばう,かばう,"편들다, 두둔하다",word,-
N2,急激,きゅうげき,급격,word,-
N2,漏れる,もれる,새다,word,-
N2,傾向,けいこう,경향,word,-
N2,温厚,おんこう,"온후, 다정다감함",word,-
N2,世代,せだい,세대,word,-
N2,頑固,がんこ,완고,word,-
N2,打ち合わせ,うあわせ,협의,word,-
N2,ベテラン,ベテラン,"베테랑, 고수",word,-
N2,荒れる,あれる,"거칠어지다, 황폐해지다",word,-
N2,早期,そうき,조기,word,-
N2,偉大,いだい,위대,word,-
N2,印,しるし,표시,word,-
N2,さまたげる,さまたげる,방해하다,word,-
N2,腫れる,はれる,붓다,word,-
N2,上達,じょうたつ,"기능이 향상됨, 숙달",word,-
N2,暮れ,くれ,저물 때,word,-
N2,残高,ざんだか,잔액,word,-
N2,共有,きょうゆう,공유,word,-
N2,はきはき,はきはき,확실한 모양,word,-
N2,鑑賞,かんしょう,감상,word,-
N2,着,ちゅくちゃく,"착착, 순조롭게",word,-
N2,薄める,うすめる,"희석하다, 묽게 하다",word,-
N2,充実,じゅうじつ,충실,word,-
N2,鮮明,せんめい,선명,word,-
N2,ふもと,ふもと,산기슭,word,-
N2,定年,ていねん,정년,word,-
N2,～におうじて~,～におうじて~,"에 맞추어, ~에 대응하여",word,-
N2,～途中で,とちゅうで,도중에,word,-
N2,～にわたって~,～にわたって~,에 걸쳐서,word,-
N2,何も～,なに,굳이~,word,-
N2,～一方だ~,いっぽうだ~,하기만 하다,word,-
N2,～がたい~,～がたい~,하기 어렵다,word,-
N2,～(さ)せていただく~,～(さ)せていただく~,하다 <겸양>,word,-
N2,～(さ)れる,～(さ)れる,본의 아니게 ~하게 되다 <사역 수동>,word,-
N2,～たところ~,～たところ~,했더니,word,-
N2,～にすぎないとはいえ~,～にすぎないとはいえ~,에 지나지 않는다고는 해도,word,-
N2,～はずだ,～はずだ,틀림없이 ~일 것이다,word,-
N2,～ままで~,～ままで~,"대로, ~인 채로",word,-
N2,～上で~,うえで~,한 후에,word,-
N2,～でありながらも~,～でありながらも~,이면서도,word,-
N2,～みたいだ~,～みたいだ~,인 것 같다,word,-
N2,とても～ない,とても～ない,정말이지 ~않다,word,-
N2,必ずしも～わけではない,かなら,반드시 ~한 것은 아니다,word,-
N2,～ようがない~,～ようがない~,할 방도가 없다,word,-
N2,申し上げる,もうあげる,말씀드리다 <겸양>,word,-
N2,～ないでしょうか~,～ないでしょうか~,"아닐까요, ~아닐런지요",word,-
N2,～(さ)せてくれる~,～(さ)せてくれる~,하게 해 주다,word,-
N2,～てほしい~,～てほしい~,해 주었으면 좋겠다,word,-
N2,～たばかりだ,～たばかりだ,막 ~한 참이다,word,-
N2,～かどうか~,～かどうか~,인지 어떤지,word,-
N2,～とか~,～とか~,"라든가, ~라는 식으로",word,-
N2,～すえに~,～すえに~,한 끝에,word,-
N2,～(さ)せられる,～(さ)せられる,본의 아니게 ~하게 되다 <사역 수동>,word,-
N2,～まい~,～まい~,"하지 않겠다, ~하지 않을 것이다",word,-
N2,まいる,まいる,"오다, 가다 <겸양>",word,-
N2,むしろ,むしろ,"오히려, 차라리",word,-
N2,～になっているだろう~,～になっているだろう~,이 되어 있을 것이다,word,-
N2,～ても～なくても~,～ても～なくても~,해도 ~하지 않아도,word,-
N2,～すぎず,～すぎず,너무 ~하지 말고,word,-
N2,～でしかない~,～でしかない~,"밖에 되지 않다, ~에 불과하다",word,-
N2,～わけがない~,～わけがない~,할 리가 없다,word,-
N2,～くらいだ~,～くらいだ~,정도다,word,-
N2,～もの~,～もの~,나 되는,word,-
N2,～すら~,～すら~,조차,word,-
N2,～くらい~,～くらい~,정도,word,-
N2,どうも,どうも,"아무래도, 어쩐지",word,-
N2,～にこたえて~,～にこたえて~,에 부응하여,word,-
N2,～うちに~,～うちに~,하는 사이에,word,-
N2,～によらず~,～によらず~,에 관계없이,word,-
N2,～ないでもない~,～ないでもない~,않는 것도 아니다,word,-
N2,～とかなくちゃ~,～とかなくちゃ~,해 두지 않으면 <축약>,word,-
N2,～たら～たで~,～たら～たで~,하면 ~하는 대로,word,-
N2,～ざるをえない~,～ざるをえない~,하지 않을 수 없다,word,-
N2,お～ですか~,お～ですか~,하십니까 <존경>,word,-
N2,～も～ないで~,～も～ないで~,도 ~하지 않고,word,-
N2,～をとわず~,～をとわず~,을 불문하고,word,-
N2,もっとも,もっとも,"다만, 단 <접속사>",word,-
N2,わかった,わかった,알았다 <감탄>,word,-
N2,～たってかまわない~,～たってかまわない~,해도 상관없다,word,-
N2,お越しくださる,こしくださる,와 주시다,word,-
N2,～ている~,～ている~,했었다 <완료>,word,-
N2,～へと~,～へと~,으로,word,-
N2,～おかげで~,～おかげで~,덕분에,word,-
N2,やる,やる,하다 <속어>,word,-
N2,～としたら~,～としたら~,라고 한다면,word,-
N2,～そうだ~,～そうだ~,할 것 같다 <양태>,word,-
N2,～からこそ~,～からこそ~,"이기에, ~하기에",word,-
N2,～ばかり~,～ばかり~,"뿐, ~만",word,-
N2,かりに,かりに,만약,word,-
N2,～ないうちに~,～ないうちに~,하기 전에,word,-
N2,～ており~,～ており~,하고 있어서,word,-
N2,～にもかかわらず~,～にもかかわらず~,임에도 불구하고,word,-
N2,～らしい~,～らしい~,답다 <접미어>,word,-
N2,～によっては~,～によっては~,에 따라서는,word,-
N2,～(さ)せる/～たがる~,～(さ)せる/～たがる~,하게 하다 <사역> /~하고 싶어하다,word,-
N2,どれだけ～か,どれだけ～か,얼마나 ~일까,word,-
N2,ご覧,らん,보심 <존경>,word,-
N2,～(ら)れる~,～(ら)れる~,하게 되다,word,-
N2,～ようならば~,～ようならば~,할 것 같으면,word,-
N2,～にのぼる~,～にのぼる~,에 달하다,word,-
N2,～てからでないと~,～てからでないと~,한 후가 아니면,word,-
N2,～次第,しだい,~ 하는 대로,word,-
N2,うけたまわる,うけたまわる,"받다 <겸양, 겸손>",word,-
N2,～わけにはいかない~,～わけにはいかない~,할 수는 없다,word,-
N2,～や何かで~,なにかで~,와 같은 것에서 <예시>,word,-
N2,～のに~,～のに~,"하는 데에, ~하는 때에",word,-
N2,～たびに~,～たびに~,할 때마다,word,-
N2,～かもしれない~,～かもしれない~,일지도 모른다,word,-
N2,～さえ～ば~,～さえ～ば~,만 ~하면,word,-
N2,～において~,～において~,"에 있어서, ~에서",word,-
N2,～ものなら~,～ものなら~,할 수만 있다면,word,-
N2,ただし,ただし,"다만, 단",word,-
N2,～勢いだ~,いきおいだ~,할 기세이다,word,-
N2,ご覧いただく,らんいただく,보시다 <겸손>,word,-
N2,～にすぎない~,～にすぎない~,에 지나지 않는다,word,-
N2,～ならともかく~,～ならともかく~,이라면 몰라도,word,-
N2,～てもらう~,～てもらう~,해 주다,word,-
N2,～(さ)せる~,～(さ)せる~,"시키다, ~하게 하다 <사역>",word,-
N2,いたす,いたす,"하다 <겸양, 겸손>",word,-
N2,～がち,～がち,"자주 ~함, 일쑤임",word,-
N2,～とおりに~,～とおりに~,대로,word,-
N2,～にかけては~,～にかけては~,에 관한 한,word,-
N2,～(さ)せていただける~,～(さ)せていただける~,해 주실 수 있다 <겸손>,word,-
N2,～なりに~,～なりに~,나름대로,word,-
N2,～(よ)うとする~,～(よ)うとする~,하려고 하다,word,-
N2,～てしょうがない~,～てしょうがない~,"해서 어쩔 수가 없다, 매우 ~하다",word,-
N2,見える,みえる,오시다 <존경>,word,-
N2,～ようであれば~,～ようであれば~,할 것 같으면,word,-
N2,～(よ)うじゃないか~,～(よ)うじゃないか~,하지 않겠는가,word,-
N2,伝わる,つたわる,전달되다,word,-
N2,～ままに~,～ままに~,한 채로,word,-
N2,あるいは,あるいは,"혹은, 또는",word,-
N2,～だって~,～だって~,"도, ~라도 <예시, 강조>",word,-
N2,～だけに~,～だけに~,인 만큼,word,-
N2,～とのことだ~,～とのことだ~,라는 것이다,word,-
N2,～しかない~,～しかない~,할 수밖에 없다,word,-
N2,お越しいただく~,こしいただく~,와 주시다 <겸손>,word,-
N2,～というから~,～というから~,라고 하니까,word,-
N2,～ように~,～ように~,하도록,word,-
N2,～がる~,～がる~,해하다,word,-
N2,～なきゃいけない~,～なきゃいけない~,하지 않으면 안 된다 <축약>,word,-
N2,～つつある~,～つつある~,하는 중이다,word,-
N2,～によって~,～によって~,에 의해서,word,-
N2,～あまり~,～あまり~,한 나머지,word,-
N2,～ほど~,～ほど~,"정도, ~만큼",word,-
N2,～ものの~,～ものの~,이지만,word,-
N2,～ことはない~,～ことはない~,할 필요는 없다,word,-
N2,～ないことには~,～ないことには~,하지 않고서는,word,-
N2,～だけ~,～だけ~,"한 만큼, ~할 수 있는 한",word,-
N2,～てくれる,～てくれる,나에게 ~해 주다,word,-
N2,～ずに~,～ずに~,하지 않고,word,-
N2,～おきに~,～おきに~,"간격으로, 걸러서",word,-
N2,かえって,かえって,"도리어, 오히려",word,-
N2,～きる,～きる,완전히 ~하다,word,-
N2,～ほかない~,～ほかない~,할 수밖에 없다,word,-
N2,～こと~,～こと~,할 것 <명령>,word,-
N2,～なきゃって~,～なきゃって~,해야 한다고,word,-
N2,～てほしいだろうか~,～てほしいだろうか~,해 주기를 바라는 것일까,word,-
N2,～につぐ~,～につぐ~,에 이어지는,word,-
N2,～にしては~,～にしては~,치고는,word,-
N2,お越しになる,こしになる,"오시다, 가시다 <존경>",word,-
N2,～かけ~,～かけ~,하던 도중,word,-
N2,おいでになる,おいでになる,"오시다, 가시다 <존경>",word,-
N2,～ものだ~,～ものだ~,로구나 <감동>,word,-
N2,～かねる~,～かねる~,하기 어렵다,word,-
N2,～っこない~,～っこない~,할 리가 없다,word,-
N2,～に対して~,たいして~,에 대해서,word,-
N2,お～する~,お～する~,하다 <겸손>,word,-
N2,そのうち,そのうち,"머지않아, 가까운 시일 안에",word,-
N2,～以上,いじょう,~ 한 이상,word,-
N2,～とする~,～とする~,"라고 하다 <가정, 판단>",word,-
N2,～だけなら~,～だけなら~,뿐이라면,word,-
N2,～てからにする~,～てからにする~,하고 나서 하다,word,-
N2,～することになる~,～することになる~,하게 되다,word,-
N2,～ないことがある~,～ないことがある~,하지 않는 경우가 있다,word,-
N2,～って~,～って~,라고 해 <인용>,word,-
N2,たとえ～ても,たとえ～ても,설령 ~할지라도,word,-
N2,～おそれがある~,～おそれがある~,할 우려가 있다,word,-
N2,～ないかな~,～ないかな~,"하지 않으려나, ~하지 않을까",word,-
N2,～というように~,～というように~,"라는 식으로, ~라는 것처럼",word,-
N2,～じゃない？~,～じゃない？~,아닐까,word,-
N2,～できるものなら~,～できるものなら~,할 수만 있다면,word,-
N2,～てならない,～てならない,너무 ~하다,word,-
N2,お～です~,お～です~,하시다 <존경>,word,-
N2,～にでも~,～にでも~,에라도,word,-
N2,～はずがない~,～はずがない~,할 리가 없다,word,-
N2,～を通して~,とおして~,을 통해,word,-
N2,～なら~,～なら~,라면 <화제 제시>,word,-
N2,まさか,まさか,설마,word,-
N2,～てばかりだ~,～てばかりだ~,하기만 한다,word,-
N2,～ということだ~,～ということだ~,"라는 것이다 <전달, 전문>",word,-
N2,ございます,ございます,있습니다 <정중>,word,-
N2,どうやって～したか,どうやって～したか,어떻게 ~한 것인지,word,-
N2,～(よ)うとしないで~,～(よ)うとしないで~,하려고 하지 말고,word,-
N2,もらってくれない~,もらってくれない~,"받지 않을래 <부탁, 의뢰>",word,-
N2,～たほうがよかった~,～たほうがよかった~,하는 편이 좋았다 <아쉬움>,word,-
N2,～てくださる~,～てくださる~,해 주시다 <존경>,word,-
N2,～向け~,むけ~,"대상, ~용",word,-
N2,～たがる~,～たがる~,하고 싶어하다,word,-
N2,～だけで~,～だけで~,만으로,word,-
N2,～ておきなさい~,～ておきなさい~,해 두세요,word,-
N2,～かと思う~,おもう~,할까 하고 생각하다,word,-
N2,～もしないで~,～もしないで~,도 하지 않고,word,-
N2,～ついでに~,～ついでに~,하는 김에,word,-
N2,いったい,いったい,도대체,word,-
N2,～にしたがって~,～にしたがって~,에 따라,word,-
N2,～ざるを得ない~,えない~,하지 않을 수 없다,word,-
N2,お/ご～です~,お/ご～です~,하시다 〈존경〉,word,-
N2,～しか～ない~,～しか～ない~,밖에 ~할 수 없다,word,-
N2,～よりも~,～よりも~,보다도,word,-
N2,～ままにせず~,～ままにせず~,한 채로 두지 말고,word,-
N2,～ようとする~,～ようとする~,하려고 하다,word,-
N2,～させてもらう~,～させてもらう~,하다 〈사역수동〉,word,-
N2,～だらけ~,～だらけ~,투성이,word,-
N2,～としても~,～としても~,라고 할지라도,word,-
N2,～にあたって~,～にあたって~,"에 즈음하여, ~에 있어서",word,-
N2,～てたまらない~,～てたまらない~,해서 견딜 수 없다 너무 ~하다,word,-
N2,そういう,そういう,그러한,word,-
N2,～としては~,～としては~,의 입장에서는,word,-
N2,～ば～ほど~,～ば～ほど~,하면 ~할수록,word,-
N2,どうしても,どうしても,"무슨 일이 있어도, 꼭",word,-
N2,～だろうか~,～だろうか~,일까,word,-
N2,～末(に)~,すえ(に)~,한 끝에,word,-
N2,～たことにする~,～たことにする~,한 것으로 치다,word,-
N2,～だろう~,～だろう~,일 것이다,word,-
N2,～に備えて~,そなえて~,에 대비하여,word,-
N2,～もあれば~,～もあれば~,정도만 있다면,word,-
N2,お/ご～くださる,お/ご～くださる,해 주시다 〈존경〉,word,-
N2,～に決まっている,きまっている,"반드시 ~하게 되어 있다, 틀림없이 ~하다",word,-
N2,～ようにしておく~,～ようにしておく~,하도록 해 두다,word,-
N2,～に違いない~,ちがいない~,에 틀림없다,word,-
N2,～てよかった~,～てよかった~,해서 다행이다,word,-
N2,～ぶりに~,～ぶりに~,만에,word,-
N2,～こそ~,～こそ~,야말로,word,-
N2,～ところから~,～ところから~,때문에,word,-
N2,あとは,あとは,"이제는, 남은 일은",word,-
N2,～場合でも~,ばあいでも~,한 경우라도,word,-
N2,～ようでいて~,～ようでいて~,한 것 같지만,word,-
N2,～てしまわないか~,～てしまわないか~,해 버리지 않을까,word,-
N2,～つもりだっだ~,～つもりだっだ~,할 생각이었다,word,-
N2,お越しくださる~,こしくださる~,오시다 〈존경〉,word,-
N2,よければ,よければ,"괜찮다면, 좋다면",word,-
N2,～を問わず~,とわず~,을 불문하고,word,-
N2,～にかぎる~,～にかぎる~,에 한해서~할 때만,word,-
N2,～せいか~,～せいか~,탓인지,word,-
N2,～ことに~,～ことに~,하게도,word,-
N2,～ないと~,～ないと~,하지 않으면,word,-
N2,～られなかったら~,～られなかったら~,할 수 없다면,word,-
N2,～ぬく,～ぬく,끝까지 ~하다,word,-
N2,伺う,うかがう,"듣다, 여쭈다 〈겸양〉",word,-
N2,～ばいい~,～ばいい~,하면 된다,word,-
N2,～というより~,～というより~,라기보다,word,-
N2,～て以来,いらい,~ 한 이래,word,-
N2,～にでもなって~,～にでもなって~,"나 되어서, ~라도 되어서",word,-
N2,～たらよかった~,～たらよかった~,했으면 좋았을 텐데,word,-
N2,～に向けて~,むけて~,를 목표로,word,-
N2,～からといって~,～からといって~,라고 해서,word,-
N2,～だっけ~,～だっけ~,였더라,word,-
N2,～ずにいる~,～ずにいる~,하지 않고 있다,word,-
N2,～そうになる~,～そうになる~,할 뻔 하다,word,-
N2,～どころか~,～どころか~,는커녕,word,-
N2,～だけは~,～だけは~,만은,word,-
N2,～にともなって~,～にともなって~,에 따라서,word,-
N2,～ことから~,～ことから~,"로 인해, ~때문에",word,-
N2,いらっしゃる,いらっしゃる,계시다 〈존경〉,word,-
N2,～がちだ~,～がちだ~,"한 경향이 있다, ~하기 일쑤다",word,-
N2,～ことにする~,～ことにする~,하기로 하다,word,-
N2,～ないといけない~,～ないといけない~,하지 않으면 안된다,word,-
N2,～につれて~,～につれて~,함에 따라서,word,-
N2,二度と～ない,にど,두 번 다시 ~하지 않는다,word,-
N2,～としてなら~,～としてなら~,로서라면,word,-
N2,～ことで~,～ことで~,로 인해,word,-
N2,～以来,いらい,~ 이래,word,-
N2,～にほかならない,～にほかならない,"바로 ~이다, 다름 아닌 ~이다",word,-
N2,～べきだ~,～べきだ~,해야 한다,word,-
N2,～おかげだ~,～おかげだ~,덕분이다,word,-
N2,～に至って~,いたって~,에 이르러,word,-
N2,～にかかわらず~,～にかかわらず~,에 관계없이,word,-
N2,いつのまに,いつのまに,어느 틈에,word,-
N2,～反面,はんめん,~ 반면,word,-
N2,～でよければ~,～でよければ~,로 괜찮다면,word,-
N2,～ないよう~,～ないよう~,하지 않도록,word,-
N2,～次第だ~,しだいだ~,에 달렸다,word,-
N2,～ことがある,～ことがある,발생하는 경우가 있다.,word,-
N2,～なんか~,～なんか~,같은 것,word,-
N2,どれほど,どれほど,얼마나,word,-
N2,～といった~,～といった~,"와 같은 〈예시, 열거〉",word,-
N2,～きり~,～きり~,한 채,word,-
N2,～てみようか,～てみようか,해 볼까,word,-
N2,～のであれば~,～のであれば~,한 것이라면,word,-
N2,～ずつ~,～ずつ~,씩,word,-
N2,～までになる~,～までになる~,할 정도가 되다,word,-
N2,～ばよかった~,～ばよかった~,했으면 좋았을 텐데,word,-
N2,～ということになる~,～ということになる~,라는 것이 된다,word,-
N2,～さえ~,～さえ~,"조차, ~마저",word,-
N2,まず,まず,"거의, 대체로 〈부정〉",word,-
N2,～たび~,～たび~,할 때마다,word,-
N2,～たがらないのなら~,～たがらないのなら~,하고 싶어하지 않는 것이라면,word,-
N2,～というような~,～というような~,라고 하는 듯한,word,-
N2,～わけではない,～わけではない,반드시 ~한 것은 아니다,word,-
N2,～ところだ,～ところだ,막 ~하는 참이다,word,-
N2,～ことがある~,～ことがある~,하는 경우가 있다.,word,-
N2,～までで~,～までで~,까지,word,-
N2,～といっても~,～といっても~,라고 해도,word,-
N2,～からすると~,～からすると~,로 보아,word,-
N2,～じゃないかと思う~,おもう~,이 아닐까라고 생각한다,word,-
N2,ご存知だ,ぞんじだ,알고 계시다 <존경>,word,-
N2,～にしたら~,～にしたら~,"로서는, ~입장에서는",word,-
N2,～なんていう~,～なんていう~,라고 하는,word,-
N2,～てやる,～てやる,남에게 ~해 주다,word,-
N2,～て初めて~,はじめて~,해서야 비로소,word,-
N2,～かのようだ~,～かのようだ~,인 듯하다,word,-
N2,～ことになっている~,～ことになっている~,하기로 되어 있다,word,-
N2,～ていただく,～ていただく,"상대에게 ~해 받다, 상대가 ~해 주다",word,-
N2,～も~,～も~,이나 <수량의 강조>,word,-
N2,～から~,～から~,할 테니까,word,-
N2,いずれにしても,いずれにしても,어느 쪽이든,word,-
N2,～とあるが~,～とあるが~,라고 적혀 있는데,word,-
N2,～といえば~,～といえば~,로 말하자면,word,-
N2,～はもとより~,～はもとより~,은 물론,word,-
N2,～ぐらい~,～ぐらい~,정도,word,-
N2,～をはじめ~,～をはじめ~,을 비롯하여,word,-
N2,～に限る~,かぎる~,이 최고다,word,-
N2,～ばいいのに~,～ばいいのに~,하면 좋을 텐데,word,-
N2,どんなに～ても,どんなに～ても,아무리 ~해도,word,-
N2,～とは~,～とは~,라니,word,-
N2,～なんて~,～なんて~,라니,word,-
N2,つい,つい,"그만, 무심코",word,-
N2,～をこめて~,～をこめて~,을 담아,word,-
N2,～として~,～として~,로서,word,-
N2,～どおりに~,～どおりに~,대로,word,-
N2,～のと～ないのでは~,～のと～ないのでは~,하는 것과 하지 않는 것과는,word,-
N2,～うえに~,～うえに~,인 데다가,word,-
N2,～と思われる~,おもわれる~,라고 생각되다,word,-
N2,～だけでなく~,～だけでなく~,뿐 아니라,word,-
N2,～ないで済む~,すむ~,하지 않아도 된다,word,-
N2,～ながら~,～ながら~,"이지만 <역접>, ~하면서",word,-
N2,今にも～そうだ,いま,당장에라도 ~할 것 같다,word,-
N2,～であっても~,～であっても~,"라도, ~일지라도",word,-
N2,～にとって~,～にとって~,에게 있어서,word,-
N2,ようやく,ようやく,마침내,word,-
N2,なかなか～ない,なかなか～ない,좀처럼 ~하지 않다,word,-
N2,～だけの~,～だけの~,뿐인,word,-
N2,決して～ない,けっ,결코~않는다,word,-
N2,～わけではない~,～わけではない~,인 것은 아니다,word,-
N2,～に欠かせない~,かかせない~,"에 빠뜨릴 수 없다, ~에 필요하다",word,-
N2,～次第で~,しだいで~,에 따라서는,word,-
N2,もう,もう,벌써,word,-
N2,～に限らず~,かぎらず~,뿐 아니라,word,-
N2,～は別にして~,べつにして~,는 별개로,word,-
N2,～つつ~,～つつ~,하면서,word,-
N2,～ばいい/～たらいい~,～ばいい/～たらいい~,하면 된다,word,-
N2,～どおり~,～どおり~,대로,word,-
N2,～に比べると~,くらべると~,에 비해,word,-
N2,～抜きには~,ぬきには~,빼고는,word,-
N2,～と思うと~,おもうと~,라고 생각하니,word,-
N2,～つもりでも~,～つもりでも~,한 줄 알았지만,word,-
N2,～以上は~,いじょうは~,한 이상에는,word,-
N2,～ずにはいられない~,～ずにはいられない~,하지 않을 수 없다,word,-
N2,～まま~,～まま~,한 채,word,-
N2,～だろうと思う~,おもう~,일 것이라고 생각하다,word,-
N2,～がきっかけだった~,～がきっかけだった~,이 계기였다,word,-
N2,～となる~,～となる~,이 되다,word,-
N2,～と比べて~,くらべて~,에 비해,word,-
N2,～に先立って~,さきだって~,에 앞서,word,-
N2,～せいで~,～せいで~,탓에,word,-
N2,～ながらも~,～ながらも~,하면서도,word,-
N2,～たらいいのか~,～たらいいのか~,하면 좋을지,word,-
N2,～わりに~,～わりに~,에 비해서,word,-
N2,それなりの,それなりの,나름대로의,word,-
N2,～かねない~,～かねない~,할 수도 있다,word,-
N2,～について~,～について~,에 대하여,word,-
N2,～と~,～と~,"하면, ~라면하면, ~라면",word,-
N2,～にもなったような~,～にもなったような~,라도 된 것 같은,word,-
N2,～を込めて~,こめて~,을 담아,word,-
N2,～わけだ~,～わけだ~,인 것이다,word,-
N2,～に関して~,かんして~,에 관해서,word,-
N2,～ならば~,～ならば~,이라면,word,-
N2,～ないのではない,～ないのではない,할 수 없는 것은 아니다,word,-
N2,この,この,이,word,-
N2,このように,このように,이처럼,word,-
N2,～ましょう~,～ましょう~,합시다,word,-
N2,～が～だ~,～が～だ~,이가 ~이다,word,-
N2,～たらどうですか~,～たらどうですか~,하는 게 어떨까요,word,-
N2,どのように,どのように,"어떻게, 어떤 식으로",word,-
N2,ほかに,ほかに,그 밖에,word,-
N2,こう,こう,이렇게,word,-
N2,彼女たち,かのじょたち,그녀들,word,-
N2,さまざまだ,さまざまだ,다양하다,word,-
N2,このような,このような,이러한,word,-
N2,つまり,つまり,즉,word,-
N2,たとえば,たとえば,예를 들면,word,-
N2,もちろん,もちろん,물론,word,-
N2,場合,ばあい,경우,word,-
N2,～というわけだ~,～というわけだ~,인 것이다,word,-
N2,～のである~,～のである~,인 것이다,word,-
N2,実は,じつは,실은,word,-
N2,～とされる~,～とされる~,"라고 되다, ~라고 여겨지다",word,-
N2,お～いただけますか~,お～いただけますか~,하실 수 있겠습니까 <겸손>,word,-
N2,そうでもない,そうでもない,그렇지도 않다,word,-
N2,～とは思えない~,おもえない~,라고는 생각되지 않는다,word,-
N2,理由,りゆう,이유,word,-
N2,だが～,だが～,그렇지만~,word,-
N2,出会う,であう,만나다,word,-
N2,ある,ある,어느,word,-
N2,～と言える~,いえる~,라고 말할 수 있다,word,-
N2,～とはいえ~,～とはいえ~,라고는 해도,word,-
N2,～(よ)うと思う~,おもう~,하려고 생각하다,word,-
N2,その,その,그,word,-
N2,～といい~,～といい~,하면 좋다,word,-
N2,使用されている,しようされている,사용되고 있다,word,-
N2,どのような,どのような,어떠한,word,-
N2,～という(との)ことだ~,～という(との)ことだ~,라고 한다,word,-
N2,要するに,ようするに,요컨대,word,-
N2,どの,どの,어느,word,-
N2,～ようだ~,～ようだ~,인 것 같다,word,-
N2,～ではないか~,～ではないか~,가 아닐까,word,-
N2,～以上だ~,いじょうだ~,이상이다,word,-
N2,こんな,こんな,이러한,word,-
N2,すると,すると,"그랬더니, 그러자<접속사>",word,-
N2,～ではないのか~,～ではないのか~,가 아닌 것일까,word,-
N2,こういう,こういう,이러한,word,-
N2,確かに,たしかに,"아마, 틀림없이",word,-
N2,～のだろう~,～のだろう~,인 것이겠지,word,-
N2,ご存じだろうか,ぞんじだろうか,알고 계시는 것일까<존경>,word,-
N2,しかし,しかし,그러나,word,-
N2,こうして,こうして,이렇게 해서,word,-
N2,さらに,さらに,"게다가, 더욱이",word,-
N2,それには,それには,그렇게 하기 위해서는,word,-
N2,どのくらいの長さが要,ながいるのでしょう,어느 정도의 길이가 필요한 것일까요,word,-
N2,そんな大きな翼,おおつばさ,그러한 커다란 날개,word,-
N2,こうして見てみると,みてみると,이렇게 보면,word,-
N2,難しそうです,むずかしそうです,어려울 것 같습니다,word,-
N2,道路,どうろ,도로,word,-
N2,また,また,"또, 다시",word,-
N2,～工夫も見られる~,くふうみられる~,하는 고안궁리도 볼 수 있다,word,-
N2,支えてくれているわけだ,ささえてくれているわけだ,지탱해주고 있는 것이다,word,-
N2,挙げよう,あげよう,들어보자,word,-
N2,そこで,そこで,그래서,word,-
N2,活用して,かつようして,활용해서,word,-
N2,～してみるのも悪くない~,わるくない~,해 보는 것도 나쁘지 않다,word,-
N2,増えているそうです,ふえているそうです,늘고 있다고 합니다,word,-
N2,ただ,ただ,다만,word,-
N2,下がるというわけです,さがるというわけです,내려간다고 하는 것입니다,word,-
N2,そのような理由が,りゆうが,그러한 이유가,word,-
N2,納得させられました,なっとくさせられました,납득했습니다 〈사역수동〉,word,-
N2,学び始めた,まなはじめた,배우기 시작했다,word,-
N2,わかれば,わかれば,알면,word,-
N2,命じられたことである,めいじられたことである,명령을 받았던 것이다,word,-
N2,日本地図,にほんちず,일본 지도,word,-
N2,ご存じでしょうか,ぞんじでしょうか,알고 계신가요,word,-
N2,得られるのだそうです,えられるのだそうです,얻을 수 있는 것이라고 합니다,word,-
N2,貢献,こうけんできるようになりたいです,공헌할 수 있게 되고 싶다,word,-
N2,気になるもの,きになるもの,신경 쓰이는 것,word,-
N2,この取り組みは,とくみは,이 대책은,word,-
N2,期待できるそうだ,きたいできるそうだ,기대할 수 있다고 한다,word,-
N2,思えなかったからだ,おもえなかったからだ,생각하지 못했기 때문이다,word,-
N2,ところが,ところが,"그런데, 그러나",word,-
N2,楽しむものだ,たのしむものだ,즐기는 것이다,word,-
N2,どんな表現,ひょうげん,어떤 표현,word,-
N2,増えてきました,ふえてきました,"늘어왔습니다, 늘어났습니다",word,-
N2,同じ,おなじ,같은,word,-
N2,試,ためしてみてはいかがでしょうか,시험해 보는 것은 어떨까요,word,-
N2,問題である,もんだいである,문제이다,word,-
N2,つくられているというだけではない,つくられているというだけではない,만들어진다는 것만이 아니다,word,-
N2,このような駐輪場,ちゅうりんじょう,이러한 자전거를 세워 두는 곳,word,-
N2,～するために～,～するために～,하기 위해서,word,-
N2,～されています~,～されています~,로 여겨지고 있습니다,word,-
N2,そのため,そのため,그 때문에,word,-
N2,いいものだと思いました,おもいました,좋다고 생각했습니다,word,-
N2,～するようにしてください,～するようにしてください,~ 하도록 해 주세요,word,-
N2,(負担,ふたんを)かけることもあります,부담을주는 경우도 있습니다,word,-
N2,疲れてしまっては,つかれてしまっては,지쳐버리면,word,-
N2,そんな紅葉,こうよう,그런 단풍,word,-
N2,はじまらないのです,はじまらないのです,시작되지 않는 것입니다,word,-
N2,感じるようになりました,かんじるようになりました,느끼게 되었습니다,word,-
N2,例えば,たとえば,예를 들면,word,-
N2,感動していた,かんどうしていた,감동했었다,word,-
N2,やってみて,やってみて,해 보고,word,-
N1,潤う,うるおう,축축해지다 윤택해지다,word,-
N1,極めて,きわめて,"매우, 지극히",word,-
N1,契約,けいやく,계약,word,-
N1,推理,すいり,추리,word,-
N1,壊す,こわす,"부수다, 망가뜨리다",word,-
N1,紐を締める,ひもしめる,끈을 매다,word,-
N1,手薄な,てうすな,"허술한, 불충분한",word,-
N1,練る,ねる,"반죽하다, 계획, 문장을 다듬다",word,-
N1,華々しい,はなばな,화려하다,word,-
N1,繁盛,はんじょう,"번성, 번창",word,-
N1,伴奏,ばんそう,반주,word,-
N1,本筋,ほんすじ,"본론, 본 줄거리",word,-
N1,閲覧,えつらん,열람,word,-
N1,合併,がっぺい,합병,word,-
N1,肝心な,かんじん,중요한,word,-
N1,兆し,きざし,"징조, 조짐",word,-
N1,考慮,こうりょ,고려,word,-
N1,根拠,こんきょ,근거,word,-
N1,遮る,さえぎる,차단하다,word,-
N1,釈明,しゃくめい,"석명해명, 설명",word,-
N1,鈍る,にぶる,"둔해지다, 무디어지다",word,-
N1,逃れる,のがれる,"벗어나다, 피하다",word,-
N1,漠然と,ばくぜん,막연하게,word,-
N1,利益,りえき,이익,word,-
N1,改革,かいかく,개혁,word,-
N1,覆す,くつがえす,뒤집어엎다,word,-
N1,克明に,こくめい,극명하게,word,-
N1,群衆,ぐんしゅう,군중,word,-
N1,心地よい,ここち,"기분 좋다, 상쾌하다",word,-
N1,費やす,ついやす,"사용하다, 소비하다",word,-
N1,手際,てぎわ,"일처리 솜씨, 수완",word,-
N1,踏襲する,とうしゅうする,답습하다,word,-
N1,名誉,めいよ,명예,word,-
N1,網羅,もうら,망라,word,-
N1,由緒,ゆいしょ,"유서, 내력",word,-
N1,枠,わく,"틀, 테두리",word,-
N1,跡地,あとち,철거 부지,word,-
N1,憤り,いきどおり,분노,word,-
N1,憩い,いこい,휴식,word,-
N1,おろかな,おろかな,어리석은,word,-
N1,緩和,かんわ,완화,word,-
N1,巧妙な,こうみょう,교묘한,word,-
N1,趣旨,しゅし,취지,word,-
N1,需要,じゅよう,수요,word,-
N1,貫く,つらぬく,관철하다,word,-
N1,日夜,にちや,"밤낮, 늘",word,-
N1,把握,はあく,파악,word,-
N1,貧富,ひんぷ,빈부,word,-
N1,否めない,いなめない,부정할 수 없다,word,-
N1,概略,がいりゃく,개략,word,-
N1,凝縮,ぎょうしゅく,응축,word,-
N1,厳正な,げんせい,엄정한,word,-
N1,拒む,こばむ,거부하다,word,-
N1,遂行,すいこう,수행,word,-
N1,健やかな,すこやかな,건강한,word,-
N1,漂う,ただよう,"떠돌다, 감돌다",word,-
N1,中枢,ちゅうすう,중추,word,-
N1,督促,とくそく,독촉,word,-
N1,臨む,のぞむ,"임하다, 상황에 직면하다",word,-
N1,躍進,やくしん,약진,word,-
N1,値する~,あたいする~,할 가치가 있다,word,-
N1,淡い,あわい,"연하다, 흐리다",word,-
N1,画一的な,かくいつてき,획일적인,word,-
N1,興奮,こうふん,흥분,word,-
N1,慕われる,したわれる,"추앙받다, 존경받다",word,-
N1,承諾,しょうだく,승낙,word,-
N1,随時,ずいじ,수시로,word,-
N1,添付,てんぷ,첨부,word,-
N1,唱える,となえる,"외치다, 주장하다",word,-
N1,励む,はげむ,힘쓰다,word,-
N1,破損,はそん,파손,word,-
N1,変遷,へんせん,변천,word,-
N1,賢い,かしこい,똑똑하다,word,-
N1,偏る,かたよる,"치우치다, 편향되다",word,-
N1,鑑定,かんてい,감정판정,word,-
N1,顕著な,けんちょな,현저한,word,-
N1,樹木,じゅもく,수목커다란 나무,word,-
N1,人脈,じんみゃく,인맥,word,-
N1,廃れる,すたれる,쇠퇴하다,word,-
N1,相場,そうば,시세,word,-
N1,多岐,たき,"다기, 다방면",word,-
N1,蓄える,たくわえる,"저축하다, 비축하다",word,-
N1,陳列,ちんれつ,진열,word,-
N1,華やかな,はなやかな,화려한,word,-
N1,潤す,うるおす,"축축하게 하다, 적시다",word,-
N1,傾斜,けいしゃ,"경사, 기울기",word,-
N1,殺菌,さっきん,살균,word,-
N1,託す,たくす,"맡기다, 부탁하다",word,-
N1,暴露,ばくろ,폭로,word,-
N1,阻む,そばむ,"저지하다, 가로막다",word,-
N1,開拓,かいたく,개척,word,-
N1,復興,ふっこう,부흥,word,-
N1,怠る,おこたる,소홀히하다,word,-
N1,了承,りょうしょう,"승낙,양해",word,-
N1,巡り,めぐり,순회,word,-
N1,指図,さしず,지시,word,-
N1,回顧,かいこ,회고,word,-
N1,偽り,いつわり,"거짓, 허구",word,-
N1,嫌悪感,けんおかん,혐오감,word,-
N1,自粛,じしゅく,자숙,word,-
N1,戒める,いましめる,훈계하다 금지하다,word,-
N1,丘陵,きゅうりょう,구릉,word,-
N1,豪快に,ごうかいに,호쾌하게,word,-
N1,忍耐,にんたい,인내,word,-
N1,募,つのる,모집하다 정도가심해지다,word,-
N1,膨大な,ぼうだいな,방대한,word,-
N1,滞る,とどこおる,"밀리다, 정체되다",word,-
N1,驚嘆する,きょうたんする,"경탄하다, 놀라다",word,-
N1,猛烈に,もうれつに,맹렬히,word,-
N1,克服する,こくふくする,극복하다,word,-
N1,崩れる,くずれる,"무너지다, 흐트러지다",word,-
N1,繁殖,はんしょく,번식,word,-
N1,履歴,りれき,이력,word,-
N1,映,はえる,아름답게 빛나다 잘 어울리다,word,-
N1,披露する,ひろうする,"피로하다, 공개하다",word,-
N1,砕ける,くだける,"부서지다, 기세 등꺾이다",word,-
N1,執着する,しゅうちゃくする,집착하다,word,-
N1,債務,さいむ,채무,word,-
N1,貢献する,こうけんする,공헌하다,word,-
N1,潔い,いさぎよい,미련 없이깨끗하다,word,-
N1,干渉する,かんしょうする,간섭하다,word,-
N1,粘る,ねばる,끈기 있게 버티다,word,-
N1,巧妙な,こうみょうな,교묘한,word,-
N1,促す,うながす,"재촉하다, 독촉하다, 촉구하다",word,-
N1,措置,そち,조치,word,-
N1,振興,しんこう,진흥,word,-
N1,遺憾に,いかんに,유감스럽게,word,-
N1,閉鎖する,へいさする,폐쇄하다,word,-
N1,心遣い,こころづかい,배려,word,-
N1,憤る,いきどおる,"분노하다, 분개하다",word,-
N1,治癒する,ちゆする,치유하다,word,-
N1,錯覚,さっかく,착각,word,-
N1,尊い,とうとい,"소중하다, 존귀하다",word,-
N1,枯渇,こかつ,고갈,word,-
N1,慰める,なぐさめる,"위로하다, 달래다",word,-
N1,克明に,こくめいに,극명하게,word,-
N1,緊迫する,きんぱくする,긴박하다,word,-
N1,勇敢に,ゆうかんに,용감하게,word,-
N1,忠告,ちゅうこく,충고,word,-
N1,慕,したう,"그리워하다 따르다, 우러르다",word,-
N1,施錠,せじょうする,"자물쇠를 채우다, 잠그다",word,-
N1,沈下,ちんか,침하,word,-
N1,阻む,はばむ,"저지하다, 막다",word,-
N1,監督,かんとく,감독,word,-
N1,派生,はせい,파생,word,-
N1,透ける,すける,"비쳐보이다, 들여다보이다",word,-
N1,恩恵,おんけい,은혜,word,-
N1,臨む,のぞむ,임하다 면하다,word,-
N1,如実に,にょじつに,여실히,word,-
N1,騒然,そうぜん,"시끄러운 상태, 떠들썩한 모습",word,-
N1,諭す,さとす,잘 타이르다,word,-
N1,秩序,ちつじょ,질서,word,-
N1,潜伏,せんぷく,잠복,word,-
N1,朗らかな,ほがらかな,명랑한,word,-
N1,軌跡,きせき,궤적,word,-
N1,偏り,かたより,"치우침, 편향",word,-
N1,矛盾,むじゅん,모순,word,-
N1,誇張する,こちょうする,과장하다,word,-
N1,賄,まかなう,식사를 제공하다 조달하다,word,-
N1,軽率な,けいそつな,경솔한,word,-
N1,腐敗,ふはい,부패,word,-
N1,粗い,あらい,거칠다,word,-
N1,粘膜,ねんまく,점막,word,-
N1,寿命,じゅみょう,수명,word,-
N1,誓約書,せいやくしょ,서약서,word,-
N1,絶叫,ぜっきょう,절규,word,-
N1,背後,はいご,배후,word,-
N1,抱負,ほうふ,포부,word,-
N1,侮る,あなどる,무시하다,word,-
N1,筋道,すじみち,"조리, 사리",word,-
N1,奔放な,ほんぽうな,분방한,word,-
N1,円滑な,えんかつ,원활한,word,-
N1,及ぼす,およぼす,"영향을 미치다, 끼치다",word,-
N1,完結,かんけつ,완결,word,-
N1,キャリア,キャリア,"커리어, 경력",word,-
N1,結束,けっそく,결속,word,-
N1,歴史上,れきしじょう,~ 상역사상,word,-
N1,当(ホテル,とう(ホテル,당~당 호텔,word,-
N1,念願,ねんがん,염원,word,-
N1,背景,はいけい,배경,word,-
N1,フォローする,フォローする,"보조하다, 지원하다",word,-
N1,報じる,ほうじる,"알리다, 보도하다",word,-
N1,本音,ほんね,"본심, 속내",word,-
N1,綿密な,めんみつ,면밀한,word,-
N1,やんわり,やんわり,"부드럽게, 살며시",word,-
N1,逸材,いつざい,"일재, 뛰어난 인재",word,-
N1,会心(の出来,かいしんでき,회심의 완성도 - 만족스러운 결과,word,-
N1,実情,じつじょう,"실정, 실제 사정",word,-
N1,修復,しゅうふく,"수복, 복원",word,-
N1,ストック,ストック,"스톡, 재고",word,-
N1,強み,つよみ,강점,word,-
N1,ニュアンス,ニュアンス,뉘앙스,word,-
N1,弾む,はずむ,"튀다, 들뜨다",word,-
N1,抜粋,ばっすい,발췌,word,-
N1,不備,ふび,"불비, 미비, 불충분함",word,-
N1,平行,へいこう,평행,word,-
N1,まみれ~,まみれ~,"투성이, ~범벅",word,-
N1,無謀な,むぼうな,무모한,word,-
N1,猛(反対,もうはんたい,맹~맹렬한 반대,word,-
N1,言い張る,いはる,"우겨대다, 주장하다",word,-
N1,大筋,おおすじ,"요점, 대강",word,-
N1,改訂版,かいていばん,개정판,word,-
N1,加工する,かこうする,가공하다,word,-
N1,急遽,きゅうきょ,"급거, 갑작스럽게",word,-
N1,究明する,きゅうめいする,규명하다,word,-
N1,寄与,きよ,기여,word,-
N1,妥協,だきょう,타협,word,-
N1,ハードル,ハードル,"허들, 장애물",word,-
N1,人出,ひとで,"인파, 밖으로 나온 사람들",word,-
N1,紛らわしい,まぎらわしい,혼란스럽다,word,-
N1,催す,もよおす,개최하다,word,-
N1,和らぐ,やわらぐ,누그러지다,word,-
N1,リストアップ,リストアップ,"리스트 업, 목록 작성",word,-
N1,一任,いちにん,일임모두 맡김,word,-
N1,腕前,うでまえ,"솜씨, 실력",word,-
N1,強硬に,きょうこうに,강경하게,word,-
N1,気に障,きさわる,"기분 상하다, 불쾌하게 여겨지다",word,-
N1,じめじめする,じめじめする,축축하다,word,-
N1,そわそわ,そわそわ,"불안한 모습, 안절부절못하는 모습",word,-
N1,立て替える,たかえる,대신하여 지불하다,word,-
N1,ためらう,ためらう,"주저하다, 망설이다",word,-
N1,とりわけ,とりわけ,특히,word,-
N1,荷(が重い,におもい,짐이 무겁다,word,-
N1,担う,になう,"짊어지다, 떠맡다",word,-
N1,対策を練る,たいさくねる,대책을 세우다,word,-
N1,念頭,ねんとう,염두,word,-
N1,無性に,むしょうに,"몹시, 까닭 없이",word,-
N1,異色,いしょく,"이색, 매우 특색 있음",word,-
N1,ウエイト,ウエイト,"웨이트, 중량",word,-
N1,おびただしい,おびただしい,"엄청나다, 수량이 매우 많다",word,-
N1,可決,かけつ,가결,word,-
N1,食い止める,くとめる,"저지하다, 막다",word,-
N1,駆使する,くしする,구사하다,word,-
N1,心細い,こころぼそい,불안하다,word,-
N1,支障,ししょう,지장,word,-
N1,絶大な(人気,ぜつだいにんき,지대한 인기,word,-
N1,平行線をたどる,へいこうせん,평행선을 달리다,word,-
N1,てきぱき,てきぱき,척척,word,-
N1,ノルマ,ノルマ,"노르마, 업무 할당량",word,-
N1,揺らぐ,ゆらぐ,흔들리다,word,-
N1,予断(を許,よだんゆるさない,예단을 용납하지 않는다예단할 수 없다,word,-
N1,おおらかな,おおらかな,대범한,word,-
N1,該当する,がいとう,해당하다,word,-
N1,稼働,かどう,가동,word,-
N1,起伏,きふく,기복,word,-
N1,強制,きょうせい,강제,word,-
N1,くよくよ,くよくよ,끙끙사소한 일을 걱정하는 모습,word,-
N1,合意,ごうい,합의,word,-
N1,しいて,しいて,"억지로, 굳이",word,-
N1,すさまじい,すさまじい,"대단하다, 무시무시하다",word,-
N1,直面する,ちょくめんする,직면하다,word,-
N1,取り戻す,ともどす,"되찾다, 회복하다",word,-
N1,幅広い,はばひろ,폭넓다,word,-
N1,紛れる,まぎれる,뒤섞이다,word,-
N1,メディア,メディア,미디어,word,-
N1,愛着,あいちゃく,애착,word,-
N1,一掃,いっそう,일소모두 제거함,word,-
N1,基盤,きばん,기반,word,-
N1,教訓,きょうくん,교훈,word,-
N1,切り出す,きだす,말을 꺼내다,word,-
N1,染みる,しみる,"스며들다, 배다",word,-
N1,すんなり,すんなり,"수월하게, 순조롭게",word,-
N1,センス,センス,센스,word,-
N1,尽くす,つくす,"애쓰다, 있는 힘을 다하다",word,-
N1,ノウハウ,ノウハウ,노하우,word,-
N1,頻繁に,ひんぱん,빈번하게,word,-
N1,へとへと,へとへと,기진맥진,word,-
N1,見かける,みかける,발견하다,word,-
N1,流出,りゅうしゅつ,유출,word,-
N1,一環,いっかん,일환,word,-
N1,コンスタントに,コンスタントに,"일정하게, 꾸준하게",word,-
N1,たたえる,たたえる,"칭찬하다, 찬양하다",word,-
N1,非,ひ,"비, 잘못, 부정",word,-
N1,もっぱら,もっぱら,"오로지, 한결같이",word,-
N1,よみがえる,よみがえる,"되살아나다, 소생하다",word,-
N1,打診,だじん,타진,word,-
N1,経歴,けいれき,경력,word,-
N1,弾く,はじく,"튀기다,튕겨내다",word,-
N1,逸脱,いつだつ,일탈,word,-
N1,いとも,いとも,"매우,아주",word,-
N1,まちまち,まちまち,가지각색,word,-
N1,在庫,ざいこ,재고,word,-
N1,リスク,リスク,"리스크, 위험",word,-
N1,堅実な,けんじつな,견실한,word,-
N1,遮断,しゃだん,차단,word,-
N1,がらりと(変わる,かわる,싹 바뀌다,word,-
N1,なだめる,なだめる,달래다,word,-
N1,言及,げんきゅう,언급,word,-
N1,解除,かいじょ,해제,word,-
N1,レイアウト,レイアウト,레이아웃,word,-
N1,起用,きよう,기용,word,-
N1,駆けつける,かけつける,달려가다,word,-
N1,多角的な,たかくてきな,다각적인,word,-
N1,盛大に,せいだいに,성대하게,word,-
N1,せかせかと,せかせかと,"조급히, 분주히",word,-
N1,センサー,センサー,센서,word,-
N1,壮大な,そうだいな,장대한,word,-
N1,ここちよく,ここちよく,"기분좋게, 쾌적하게",word,-
N1,従事,じゅうじ,종사하다,word,-
N1,にじむ,にじむ,"번지다, 스며들다",word,-
N1,禁物,きんもつ,금물,word,-
N1,ひしひしと,ひしひしと,"절실히, 절절히강하게 느끼는 모양",word,-
N1,表明,ひょうめい,표명,word,-
N1,精力的に,せいりょくてきに,정력적으로,word,-
N1,気がかり,きがかり,"걱정, 불안, 근심",word,-
N1,推移,すいい,추이,word,-
N1,危,あやぶむ,"불안해하다, 위험하게 생각하다",word,-
N1,ずっしりと,ずっしりと,"묵직한 모습, 무거운 느낌",word,-
N1,歴然,れきぜんとしている,"역력하다, 뚜렷하다, 분명하다",word,-
N1,クレーム,クレーム,"클레임, 불만",word,-
N1,経緯,けいい,경위,word,-
N1,みっちり,みっちり,"착실히, 충분히",word,-
N1,撤去,てっきょ,철거,word,-
N1,うずうず,うずうず,근질근질좀이 쑤시는 모양,word,-
N1,却下する,きゃっかする,각하하다,word,-
N1,旺盛だ,おうせいだ,왕성하다,word,-
N1,施,ほどこす,"⑴ 베풀다 ⑵장식, 세공, 가공 등을하다",word,-
N1,余波,よは,여파,word,-
N1,目先,めさき,눈앞,word,-
N1,ぎくしゃくする,ぎくしゃくする,"원활하지 못하다, 껄끄럽다",word,-
N1,存続,そんぞく,존속,word,-
N1,～派,は,~ 파,word,-
N1,風習,ふうしゅう,풍습,word,-
N1,もどかしい,もどかしい,"답답하다, 안타깝다",word,-
N1,熟知,じゅくち,숙지,word,-
N1,拗れる,こじれる,병 등이도지다,word,-
N1,めきめき,めきめき,"두드러지게, 눈에 띄게, 부쩍",word,-
N1,軽快な,けいかいな,경쾌한,word,-
N1,サイクル,サイクル,사이클,word,-
N1,仲裁,ちゅうさい,중재,word,-
N1,しわざ,しわざ,"짓, 소행",word,-
N1,発覚,はっかく,발각,word,-
N1,すべすべ,すべすべ,"사물, 피부 등매끈매끈한 모양",word,-
N1,かみ合,あう,"내용, 의견, 생각 등이맞다",word,-
N1,保護,ほご,보호,word,-
N1,忠実に,ちゅうじつに,충실히,word,-
N1,すくう,すくう,액체 등을뜨다,word,-
N1,ピント,ピント,"핀트, 초점",word,-
N1,食い込,くこむ,"다른 영역, 범위 등에파고들다",word,-
N1,てっきり,てっきり,틀림없이 ~인 줄 알다 〈잘못된 판단〉,word,-
N1,自立,じりつ,자립,word,-
N1,還元,かんげん,환원,word,-
N1,どんより(と,どんより(と,날씨가 잔뜩 흐린 모양,word,-
N1,ネック,ネック,"장애물, 걸림돌, 방해물",word,-
N1,発散,はっさん,발산,word,-
N1,行き届,ゆとどく,구석구석 빈틈없이 미치다,word,-
N1,快挙,かいきょ,쾌거,word,-
N1,助長,じょちょう,조장,word,-
N1,見返り,みかえり,"보답, 보상",word,-
N1,結成,けっせい,결성,word,-
N1,手配,てはい,준비 수배,word,-
N1,つくづく,つくづく,"절실히, 뼈저리게",word,-
N1,解,ほぐれる,"매듭, 엉킴, 긴장, 기분, 몸 등이풀리다",word,-
N1,根底,こんてい,"근저, 근본, 밑바닥",word,-
N1,返上,へんじょう,"반납, 반려",word,-
N1,取り次ぐ,とつぐ,전화를연결하다,word,-
N1,交錯,こうさくする,"뒤섞여 엇갈리다, 교차하다",word,-
N1,難航,なんこう,난항,word,-
N1,がやがや,がやがや,"여럿이 시끄럽게 떠드는 모양, 왁자지껄",word,-
N1,手足まとい,てあしまとい,"방해, 훼방, 걸림돌",word,-
N1,適応,てきおう,적응,word,-
N1,掲げる,かかげる,내걸다,word,-
N1,踏襲,とうしゅう,답습,word,-
N1,足止め,あしどめ,발이 묶임,word,-
N1,払拭,ふっしょく,불식,word,-
N1,とっさに,とっさに,순간적으로,word,-
N1,いやみ,いやみ,불쾌한 언행,word,-
N1,皮肉,ひにく,"비꼼, 빈정거림",word,-
N1,丹念に,たんねん,"정성껏, 꼼꼼하게",word,-
N1,じっくりと,じっくりと,"정성껏, 곰곰이",word,-
N1,どんよりした天気,てんきだ,우중충한 날씨다,word,-
N1,曇っていて暗い,くもくらい,흐리고 어둡다,word,-
N1,なじむ,なじむ,"친숙해지다, 정들다",word,-
N1,慣れる,なれる,익숙해지다,word,-
N1,はかどる,はかどる,진척되다,word,-
N1,順調に進む,じゅんちょうすすむ,순조롭게 진행되다,word,-
N1,張り合う,はあう,"겨루다, 경쟁하다",word,-
N1,競争する,きょうそうする,경쟁하다,word,-
N1,まばらだ,まばらだ,"드문드문 있다, 듬성듬성하다",word,-
N1,少ない,すくない,적다,word,-
N1,見合わせる,みあわせる,보류하다,word,-
N1,中止する,ちゅうしする,중지하다,word,-
N1,やむをえず,やむをえず,어쩔 수 없이,word,-
N1,しかたなく,しかたなく,어쩔 수 없이,word,-
N1,ルーズな,ルーズな,"느슨한, 단정치 못한",word,-
N1,だらしない,だらしない,"단정하지 못한, 절도가 없는",word,-
N1,朗報,ろうほう,"낭보, 희소식",word,-
N1,うれしい知らせ,しらせ,기쁜 소식,word,-
N1,わずらわしい,わずらわしい,"성가시다, 번거롭다",word,-
N1,面倒だ,めんどう,"귀찮다, 성가시다",word,-
N1,あっけない,あっけない,어이없다,word,-
N1,意外,いがいにつまらない,의외로 시시하다,word,-
N1,ありきたりの,ありきたりの,흔한,word,-
N1,平凡な,へいぼん,평범한,word,-
N1,画期的な,かっきてきな,획기적인,word,-
N1,今までになく新,いまあたらしい,지금까지 없이 새로운,word,-
N1,極力,きょくりょく,"극력, 힘껏",word,-
N1,できる限り,かぎり,가능한 한,word,-
N1,コントラスト,コントラスト,"콘트라스트, 대조, 대비",word,-
N1,対比,たいひ,대비,word,-
N1,シビアな,シビアな,"엄격한, 어려운",word,-
N1,厳しい,きびしい,엄격하다,word,-
N1,重宝する,ちょうほうする,애용하다,word,-
N1,利で役に立,べんりやくたつ,편리해서 쓸모가 있다,word,-
N1,手がかり,てがかり,"단서, 실마리",word,-
N1,ヒント,ヒント,힌트,word,-
N1,にわかには,にわかには,갑자기는,word,-
N1,すぐには,すぐには,"바로는, 당장에는",word,-
N1,もくろむ,もくろむ,"계획하다, 꾀하다",word,-
N1,計画する,けいかく,계획하다,word,-
N1,落胆する,らくたん,낙담하다,word,-
N1,がっかりする,がっかりする,"낙담하다, 실망하다",word,-
N1,歴然としている,れきぜん,"역연하다, 또렷하다",word,-
N1,はっきりしている,はっきりしている,분명하다,word,-
N1,おっくうだ,おっくうだ,귀찮다,word,-
N1,おのずと,おのずと,"저절로, 자연히",word,-
N1,自然に,しぜんに,자연히,word,-
N1,簡素だ,かんそ,간소하다,word,-
N1,シンプルだ,シンプルだ,심플하다,word,-
N1,けなされる,けなされる,비난을 받다,word,-
N1,悪く言われる,わるいわれる,나쁜 말을 듣다,word,-
N1,しきりに,しきりに,"자꾸, 연달아",word,-
N1,何度も,なんども,몇 번이고,word,-
N1,触発される,しょくはつされる,촉발되다,word,-
N1,刺激を受ける,しげきうける,자극을 받다,word,-
N1,すがすがしい,すがすがしい,"상쾌하다, 시원하다",word,-
N1,さわやかだ,さわやかだ,"상쾌하다, 산뜻하다",word,-
N1,スケール,スケール,스케일,word,-
N1,規模,きぼ,규모,word,-
N1,先方,せんぽう,상대,word,-
N1,相手,あいて,상대,word,-
N1,断念する,だんねん,단념하다,word,-
N1,諦める,あきらめる,포기하다,word,-
N1,当面,とうめん,"당면, 당분간",word,-
N1,しばらく,しばらく,잠시,word,-
N1,密かに,ひそかに,은밀하게,word,-
N1,こっそり,こっそり,"살짝, 몰래",word,-
N1,あらかじめ,あらかじめ,미리,word,-
N1,事前に,じぜんに,사전에,word,-
N1,裏づけ,うらづけ,"뒷받침, 증거",word,-
N1,証拠,しょうこ,증거,word,-
N1,おおむね,おおむね,"대체로, 대강",word,-
N1,大体,だいたい,대체로,word,-
N1,仰天する,ぎょうてんする,"경악하다, 몹시 놀라다",word,-
N1,とても驚く,おどろく,매우 놀라다,word,-
N1,ことごとく,ことごとく,전부,word,-
N1,すべて,すべて,전부,word,-
N1,雑踏,ざっとう,혼잡,word,-
N1,人込み,ひとごみ,"혼잡, 북새통",word,-
N1,従来の,じゅうらいの,종래의,word,-
N1,これまでの,これまでの,지금까지의,word,-
N1,すべ,すべ,방법,word,-
N1,方法,ほうほう,방법,word,-
N1,せかす,せかす,재촉하다,word,-
N1,急がせる,いそがせる,서두르게 하다,word,-
N1,バックアップ,バックアップ,"백업, 지원",word,-
N1,支援,しえん,지원,word,-
N1,抜群だ,ばつぐん,"발군이다, 뛰어나다",word,-
N1,他と比べて特,ほかくらとくによい,다른 것과 비교하여 특히 좋다,word,-
N1,メカニズム,メカニズム,메커니즘,word,-
N1,仕組み,しくみ,구조,word,-
N1,案の定,あんじょう,"역시, 예상대로",word,-
N1,やはり,やはり,역시,word,-
N1,いたって,いたって,지극히,word,-
N1,非常に,ひじょうに,"매우, 몹시",word,-
N1,打ち込む,うこむ,"몰입하다, 몰두하다",word,-
N1,熱心に取り組む,ねっしんとくむ,열심히 몰두하다,word,-
N1,お手上,てあげだ,"두 손 들었다, 속수무책이다",word,-
N1,どうしようもない,どうしようもない,어쩔 방법이 없다,word,-
N1,回想する,かいそう,회상하다,word,-
N1,思い返す,おもかえす,돌아보다,word,-
N1,格段に,かくだん,현격하게,word,-
N1,大幅に,おおはば,대폭적으로,word,-
N1,気掛かり,きがかり,"걱정, 근심",word,-
N1,心配,しんぱい,"걱정, 근심",word,-
N1,ストレートに,ストレートに,직설적으로,word,-
N1,率直に,そっちょく,솔직하게,word,-
N1,手分けする,てわけする,분담하다,word,-
N1,分担する,ぶんたん,분담하다,word,-
N1,不用意な,ふよういな,부주의한,word,-
N1,不注意な,ふちゅういな,부주의한,word,-
N1,無償,むしょう,무상,word,-
N1,ただ,ただ,"공짜, 무료",word,-
N1,厄介な,やっかい,귀찮은,word,-
N1,面倒な,めんどう,귀찮은,word,-
N1,ありふれる,ありふれる,흔하다,word,-
N1,平凡だ,へいぼん,평범하다,word,-
N1,糸口,いとぐち,실마리,word,-
N1,うろたえる,うろたえる,"허둥거리다, 당황하다",word,-
N1,慌てる,あわてる,"당황하다, 허둥지둥하다",word,-
N1,苦情,くじょう,"클레임, 불만",word,-
N1,互角だ,ごかくだ,"호각이다, 백중세다",word,-
N1,大体同じだ,だいたいおなじだ,대체로 같다,word,-
N1,誇張,こちょう,과장사실보다 크게 부풀림,word,-
N1,大げさ,おおげさ,"과장, 호들갑",word,-
N1,錯覚する,さっかく,착각하다,word,-
N1,勘違いする,かんちが,착각하다,word,-
N1,殺到する,さっとうする,쇄도하다,word,-
N1,に大勢来,どおおぜいくる,한꺼번에 많이 몰려들다,word,-
N1,仕上がる,しあがる,"마무리되다, 완성되다",word,-
N1,完成する,かんせい,완성되다,word,-
N1,助言,じょげん,조언,word,-
N1,アドバイス,アドバイス,"조언, 충고",word,-
N1,不意に,ふいに,갑자기,word,-
N1,突然,とつぜん,돌연,word,-
N1,弁解する,べんかい,변명하다,word,-
N1,言い訳する,いわけする,변명하다,word,-
N1,安堵する,あんどする,안도하다,word,-
N1,ほっとする,ほっとする,안심하다,word,-
N1,意気込み,いきごみ,"열의, 패기",word,-
N1,意欲,いよく,의욕,word,-
N1,おびえる,おびえる,겁을 내다,word,-
N1,怖がる,こわがる,무서워하다,word,-
N1,かねがね,かねがね,전부터,word,-
N1,以前から,いぜんから,이전부터,word,-
N1,かろうじて,かろうじて,"겨우, 간신히",word,-
N1,何とか,なんとか,그럭저럭,word,-
N1,故意に,こいに,고의로,word,-
N1,わざと,わざと,일부러,word,-
N1,ささいな,ささいな,사소한,word,-
N1,小さな,ちいさな,작은,word,-
N1,自尊心,じそんしん,자존심,word,-
N1,プライド,プライド,프라이드,word,-
N1,戸惑う,とまどう,"어리둥절해하다, 당황하다",word,-
N1,困る,こまる,곤란하다,word,-
N1,端的に,たんてき,단적으로,word,-
N1,明白に,めいはく,명백하게,word,-
N1,詫びる,わびる,사과하다,word,-
N1,謝る,あやまる,사과하다,word,-
N1,うすうす,うすうす,"희미하게, 어렴풋이",word,-
N1,なんとなく,なんとなく,"왠지 모르게, 어쩐지",word,-
N1,照会する,しょうかい,조회하다,word,-
N1,問い合わせる,と,문의하다,word,-
N1,難点,なんてん,난점,word,-
N1,不安なところ,ふあん,불안한 점,word,-
N1,入念に,にゅうねん,"꼼꼼하게, 정성들여",word,-
N1,細かく丁寧に,こまていねい,섬세하고 정성껏,word,-
N1,粘り強く,ねばづよく,끈기 있게,word,-
N1,あきらめずに,あきらめずに,포기하지 않고,word,-
N1,むっとする,むっとする,부루퉁해지다,word,-
N1,怒ったような顔,おこかおをする,화가 난 듯한 얼굴을 하다,word,-
N1,決意,けつい,결의,word,-
N1,ゆとり,ゆとり,여유,word,-
N1,余裕,よゆう,여유,word,-
N1,若干,じゃっかん,약간,word,-
N1,わずかに,わずかに,아주 조금,word,-
N1,撤回する,てっかいする,철회하다,word,-
N1,取り消す,とけす,취소하다,word,-
N1,競い合う,きそあう,경합하다,word,-
N1,かたくなな,かたくなな,고집이 센,word,-
N1,頑固な,がんこな,완고한,word,-
N1,すみやかに,すみやかに,신속히,word,-
N1,できるだけ早く,はやく,가능한 한 빨리,word,-
N1,漠然としている,ばくぜんとしている,막연하다,word,-
N1,ぼんやりしている,ぼんやりしている,분명하지 않다,word,-
N1,妨害する,ぼうがいする,방해하다,word,-
N1,じゃまする,じゃまする,"방해하다, 훼방 놓다",word,-
N1,エレガントな,エレガントな,"우아한, 고상한",word,-
N1,上品な,じょうひんな,"고상한, 품위 있는",word,-
N1,つかの間の,まの,"짧은, 잠깐 동안의",word,-
N1,短い,みじかい,짧은,word,-
N1,しくじる,しくじる,"실수하다, 실패하다",word,-
N1,失敗する,しっぱいする,"실패하다, 실수하다",word,-
N1,スライスする,スライスする,얇게 썰다,word,-
N1,薄く切る,うすきる,얇게 자르다,word,-
N1,めいめいに,めいめいに,"각각에게, 각자에게",word,-
N1,一人一人に,ひとりひとり,한 사람 한 사람에게,word,-
N1,詳しく丁寧に,くわていねいに,자세하고 꼼꼼하게,word,-
N1,手立て,てだて,"방법, 수단",word,-
N1,ありありと,ありありと,"똑똑히, 뚜렷이",word,-
N1,はっきり,はっきり,"확실히, 분명히",word,-
N1,返事,へんじをしぶっている,"대답하기를 꺼리다, 주저하다",word,-
N1,なかなか返事,へんじをしようとしない,좀처럼 대답하려고 하지 않다,word,-
N1,コンパクトな,コンパクトな,콤팩트한,word,-
N1,小型の,こがたの,소형인,word,-
N1,できるだけ,できるだけ,가능한 한,word,-
N1,つぶやく,つぶやく,중얼거리다,word,-
N1,小さな声で言,ちいこえいう,작은 소리로 말하다,word,-
N1,不審,ふしんな,"수상한, 의심스러운, 미심쩍은",word,-
N1,怪しい,あやしい,"수상한, 의심스러운",word,-
N1,ばてる,ばてる,"지치다, 녹초가 되다",word,-
N1,疲れる,つかれる,"피곤하다, 지치다",word,-
N1,まっとうする,まっとうする,"다하다, 완수하다",word,-
N1,完了する,かんりょうする,완료하다,word,-
N1,異例の,いれいの,이례인,word,-
N1,珍しい,めずらしい,"드문, 흔히 없는",word,-
N1,打ち込む,うこむ,열중하다 박아넣다,word,-
N1,熱中する,ねっちゅうする,열중하다,word,-
N1,つぶさに,つぶさに,"자세하게, 상세하게",word,-
N1,詳細に,しょうさいに,상세하게,word,-
N1,脈絡,みゃくらく,"맥락, 연관, 관련",word,-
N1,つながり,つながり,"연계, 관계 연결",word,-
N1,吟味,ぎんみ,음미 자세히 조사함,word,-
N1,検討,けんとう,검토,word,-
N1,エキスパート,エキスパート,전문가,word,-
N1,専門家,せんもんか,전문가,word,-
N1,凝視する,ぎょうしする,응시하다,word,-
N1,じっと見る,みる,가만히 보다,word,-
N1,架空,かくう,가공,word,-
N1,想像,そうぞう,상상,word,-
N1,しばらくは,しばらくは,"당분간은, 한동안은",word,-
N1,ぼやく,ぼやく,투덜대다,word,-
N1,愚痴を言う,ぐちいう,"불평하다, 푸념하다",word,-
N1,寡黙な,かもくな,과묵한,word,-
N1,口数が少ない,くちかずすくない,말수가 적은,word,-
N1,紛糾する,ふんきゅうする,"분규하다, 분규를 겪다",word,-
N1,混乱する,こんらんする,혼란스럽다,word,-
N1,ずれ込む,こむ,"늦춰지다, 미루어지다",word,-
N1,遅くなる,おそくなる,늦어지다,word,-
N1,ろくに(～ない,ろくに(～ない,"제대로, 변변히~않다",word,-
N1,大して(～ない,たい,"그다지, 별로~않다",word,-
N1,貢献,こうけん,공헌,word,-
N1,危険,きけん,위험,word,-
N1,絶賛する,ぜっさんする,"절찬하다, 극구 칭찬하다",word,-
N1,常に素晴,ひじょうすばらしいとほめる,매우 훌륭하다고 칭찬하다,word,-
N1,くつろぐ,くつろぐ,"느긋이, 편하게 쉬다",word,-
N1,ゆっくりする,ゆっくりする,"편하게 쉬다, 느긋이 시간을 보내다",word,-
N1,うやむやに,うやむやに,"흐지부지하게, 애매하게",word,-
N1,あいまいに,あいまいに,애매하게,word,-
N1,出馬する,しゅつばする,출마하다,word,-
N1,選挙に出る,せんきょでる,선거에 나가다,word,-
N1,お手上げだ,てあげだ,어쩔 도리가 없다,word,-
N1,刺激される,しげきされる,자극받다,word,-
N1,閉口する,へいこうする,"난처하다, 기막히다",word,-
N1,気ままな,きままな,제 마음대로인,word,-
N1,自由な,じゆうな,자유로운,word,-
N1,いくつか,いくつか,"몇 개쯤, 조금",word,-
N1,手分け,てわけ,"분담, 나눔",word,-
N1,分担,ぶんたん,분담,word,-
N1,てきぱきと,てきぱきと,일을 솜씨 좋게 처리하는 모습. 척척,word,-
N1,早く正確に,はやせいかくに,빠르고 정확하게,word,-
N1,調達する,ちょうたつする,조달하다,word,-
N1,用意する,よういする,준비하다,word,-
N1,温和な,おんわな,온화한,word,-
N1,おだやかな,おだやかな,"온화한, 평온한",word,-
N1,スポット,スポット,"스폿, 장소",word,-
N1,場所,ばしょ,장소,word,-
N1,拮抗,きっこうする,"팽팽하다, 우열을 가릴 수 없다",word,-
N1,差がない,さがない,차이가 없다,word,-
N1,風当たり,かぜあたり,비난,word,-
N1,批判,ひはん,비판,word,-
N1,あどけない,あどけない,천진난만하다,word,-
N1,無邪気な,むじゃきな,"천진난만한, 악의 없는",word,-
N1,懸念する,けねんする,"걱정하다, 우려하다",word,-
N1,心配する,しんぱいする,걱정하다,word,-
N1,やつれる,やつれる,"여위다, 수척해지다",word,-
N1,やせ衰える,おとろえる,야위어 쇠약해지다,word,-
N1,奮闘する,ふんとうする,분투하다,word,-
N1,死に頑張,ひっしがんばる,필사적으로 분발하다,word,-
N1,不慮の,ふりょの,"뜻밖의, 예상 밖의, 불의의",word,-
N1,思,おもいがけない,"뜻밖이다, 생각지 못하다, 예상 밖이다",word,-
N1,根こそぎ,ねこそぎ,"전부, 모조리, 몽땅",word,-
N1,没頭する,ぼっとうする,몰두하다,word,-
N1,尺度,しゃくど,"척도, 기준",word,-
N1,基準,きじゅん,기준,word,-
N1,面倒な,めんどうな,"귀찮은, 성가신",word,-
N1,肝心な,かんじんな,가장 중요한,word,-
N1,重要な,じゅうような,중요한,word,-
N1,辛抱する,しんぼうする,"참다, 견디다",word,-
N1,我慢する,がまんする,참다,word,-
N1,しきたり,しきたり,"관습, 관례",word,-
N1,慣習,かんしゅう,관습,word,-
N1,委託する,いたくする,위탁하다,word,-
N1,任せる,まかせる,"맡기다, 위임하다",word,-
N1,爽やかな,さわやかな,상쾌한,word,-
N1,工面する,くめんする,"돈을마련하다, 준비하다",word,-
N1,ぞんざいな,ぞんざいな,"거친, 난폭한",word,-
N1,雑な,ざつな,"거친, 조잡한, 함부로 하는",word,-
N1,うなだれる,うなだれる,머리를 숙이다. 고개를 떨구다,word,-
N1,下を向,したむく,"아래를 향하다, 머리를 숙이다",word,-
N1,打撃,だげき,타격,word,-
N1,ダメージ,ダメージ,"대미지, 타격",word,-
N1,手腕,しゅわん,수완,word,-
N1,能力,のうりょく,능력,word,-
N1,ロスする,ロスする,헛되이 쓰다,word,-
N1,無駄にする,むだにする,낭비하다,word,-
N1,おろそかに,おろそかに,소홀하게,word,-
N1,いいかげんに,いいかげんに,대충,word,-
N1,目下,もっか,"목하, 현재",word,-
N1,今,いま,지금,word,-
N1,請け負う,うおう,청부 맡다,word,-
N1,引き受ける,ひうける,"맡다, 인수하다",word,-
N1,進呈,しんていする,"진정하다, 물건을 자진해서 드리다",word,-
N1,差し上げる,さあげる,드리다,word,-
N1,潔い,いさぎよい,"깨끗하다, 후련하다",word,-
N1,意地(を張る,いじはる,고집을 부리다,word,-
N1,心(の注意を払,さいしんちゅういはらう,세심한 주의를 기울이다,word,-
N1,調達,ちょうたつ,조달,word,-
N1,賑わう,にぎわう,"활기차다, 번화하다",word,-
N1,ひとまず,ひとまず,"일단, 우선",word,-
N1,発足,ほっそく,발족,word,-
N1,満喫する,まんきつ,만끽하다,word,-
N1,見落とす,みおとす,간과하다,word,-
N1,密集,みっしゅう,밀집,word,-
N1,めきめき(上達,じょうたつする,눈에 띄게 숙달되다,word,-
N1,目先(の利益,めさきりえき,눈앞의 이익,word,-
N1,夢がかなう,ゆめが)かなう,꿈이 이루어지다,word,-
N1,質素な,しっそ,"검소한, 소탈한",word,-
N1,とっくに,とっくに,"진작에, 훨씬 전에",word,-
N1,配布,はいふ,배포,word,-
N1,赴任,ふにん,부임,word,-
N1,不服,ふふく,불복,word,-
N1,ほどける,ほどける,"매듭, 끈이 풀리다",word,-
N1,見失う,みうしなう,시야에서 놓치다,word,-
N1,目覚ましい,めざ,"눈부시다, 주목할 만하다",word,-
N1,連携,れんけい,연계,word,-
N1,広大な,こうだい,광대한,word,-
N1,500人に満,にんみたない,"500 명 이하이다, 500명에 못 미치다",word,-
N1,仕業,しわざ,소행,word,-
N1,総じて,そうじて,"대체로, 전반적으로",word,-
N1,秘める,ひめる,숨기다,word,-
N1,ブランク,ブランク,"블랭크, 공백",word,-
N1,見込み,みこ,"예상, 전망",word,-
N1,無造作に,むぞうさに,"대수롭지 않게, 아무렇게나",word,-
N1,免除,めんじょ,면제,word,-
N1,麦生産国,むぎせいさんこく,유수의 밀 생산국,word,-
N1,当てはめる,あてはめる,적용하다,word,-
N1,円滑だ,えんかつ,원활하다,word,-
N1,合致,がっち,"합치, 일치",word,-
N1,かばう,かばう,"두둔하다, 비호하다",word,-
N1,加味する,かみする,가미하다,word,-
N1,口出し,くちだし,"간섭, 참견",word,-
N1,気配,けはい,"기미, 기색",word,-
N1,処置,しょち,"처치, 조치",word,-
N1,打開する,だかいする,타개하다,word,-
N1,煩雑な,はんざつ,번잡한,word,-
N1,拍子,ひょうし,박자,word,-
N1,優位(に立つ,ゆういたつ,우위에 서다,word,-
N1,一律に,いちりつ,일률적으로,word,-
N1,裏腹,うらはら,"정반대, 모순",word,-
N1,抱え込む,かかこむ,"끌어안다, 떠맡다",word,-
N1,工面,くめん,자금 마련,word,-
N1,心構え,こころがまえ,마음가짐,word,-
N1,しがみつく,しがみつく,매달리다,word,-
N1,損なう,そこなう,손상시키다,word,-
N1,耐えがたい,たえがたい,견디기 힘들다,word,-
N1,携わる,たずさわる,종사하다,word,-
N1,剥がす,はがす,"벗기다, 떼다",word,-
N1,人一倍,ひといちばい,"남달리, 남보다 갑절",word,-
N1,復旧,ふっきゅう,복구,word,-
N1,安静,あんせい,안정환자의 요양,word,-
N1,今更,いまさら,"이제 와서, 새삼스럽게",word,-
N1,帯びる,おびる,"띠다, 그러한 성질을 지니다",word,-
N1,思い詰める,おもつめる,골똘히 생각하다,word,-
N1,軌道,きどう,궤도,word,-
N1,くまなく,くまなく,"구석구석까지, 샅샅이",word,-
N1,辞任,じにん,사임,word,-
N1,統合,とうごう,통합,word,-
N1,はなはだしい,はなはだしい,심하다,word,-
N1,人手,ひとで,"일손, 노동력",word,-
N1,没頭する,ぼっとう,몰두하다,word,-
N1,もはや,もはや,"이미, 벌써",word,-
N1,内訳,うちわけ,내역,word,-
N1,過密,かみつ,과밀,word,-
N1,閑静な,かんせいな,"한적한, 조용한",word,-
N1,規制,きせい,규제,word,-
N1,食い違う,くちがう,엇갈리다,word,-
N1,察する,さっする,헤아리다,word,-
N1,退く,しりぞく,"물러나다, 후퇴하다",word,-
N1,素早い,すばやい,"재빠르다, 민첩하다",word,-
N1,たやすい,たやすい,"쉽다, 용이하다",word,-
N1,入手,にゅうしゅ,입수,word,-
N1,昇進,しょうしん,승진,word,-
N1,提起,ていき,제기,word,-
N1,滅びる,ほろびる,멸망하다,word,-
N1,見落とす,みお,"간과하다, 못 보고 넘기다",word,-
N1,重複,じゅうふく,중복,word,-
N1,拠点,きょてん,거점,word,-
N1,真っ先,まっさき,제일 먼저,word,-
N1,緊密,きんみつ,긴밀,word,-
N1,遂げる,とげる,완수하다,word,-
N1,巧みだ,たくみだ,"정교하다, 능숙하다",word,-
N1,配属,はいぞく,배속,word,-
N1,乗り出,のだす,"적극적으로 나서다, 착수하다",word,-
N1,面識,めんしき,면식,word,-
N1,心当,こころあたり,"짐작가는 데, 마음 짚이는 곳",word,-
N1,作動,さどう,작동,word,-
N1,備え付ける,そなつける,설치하다,word,-
N1,かさばる,かさばる,부피가 커지다,word,-
N1,交錯,こうさく,"뒤섞여 엇갈림, 교차",word,-
N1,しぶとい,しぶとい,고집이 세고 주눅들지,word,-
N1,基調,きちょう,그림장식 등에서 중심이 되는 색상,word,-
N1,簡素,かんそ,간소,word,-
N1,解明,かいめい,해명,word,-
N1,ほほえましい,ほほえましい,흐뭇하다,word,-
N1,目安,めやす,목표 기준,word,-
N1,様相,ようそう,"양상, 모습, 상태",word,-
N1,交える,まじえる,"섞다, 끼게 하다",word,-
N1,要望,ようぼう,요망,word,-
N1,くじける,くじける,"꺾이다, 굴하다, 좌절하다",word,-
N1,ひたむき,ひたむき,"한 가지 일에 전념함, 한결같음, 오로지",word,-
N1,互角,ごかく,"호각, 비등함",word,-
N1,円滑,えんかつ,원활,word,-
N1,失脚,しっきゃく,실각,word,-
N1,収容,しゅうよう,수용,word,-
N1,実に,じつに,실로,word,-
N1,絶滅,ぜつめつ,"절멸, 멸종",word,-
N1,露骨に,ろこつに,노골적으로,word,-
N1,交付,こうふ,교부,word,-
N1,かたくな,かたくな,"완고함, 고집스러움",word,-
N1,なつく,なつく,친해져서 따르다,word,-
N1,均等,きんとう,균등,word,-
N1,リタイア,リタイア,"기권 퇴직, 퇴직",word,-
N1,押収,おうしゅう,압수,word,-
N1,望ましい,のぞましい,바람직하다,word,-
N1,本場,ほんば,본고장 주요 산지,word,-
N1,秘める,ひめる,숨기다 간직하다,word,-
N1,結末,けつまつ,결말,word,-
N1,そそる,そそる,"어떤 행동, 감정 등을자아내다, 돋우다",word,-
N1,要請,ようせい,요청,word,-
N1,ぎこちない,ぎこちない,"어색하다, 부자연스럽다",word,-
N1,断じて,だんじて,"결코, 절대 ~하지 않다",word,-
N1,出荷,しゅっか,출하,word,-
N1,譲,ゆずる,양보하다 물려주다 팔아 넘기다,word,-
N1,底力,そこぢから,저력,word,-
N1,絶大,ぜつだい,"절대, 아주 큼",word,-
N1,手痛い,ていたい,"비판, 타격, 손해, 실수 등",word,-
N1,誘致,ゆうち,유치,word,-
N1,さえる,さえる,맑고 깨끗하다,word,-
N1,痛烈,つうれつ,"통렬, 호됨",word,-
N1,もろい,もろい,"무르다, 약하다, 깨지기 쉽다",word,-
N1,解約,かいやく,해약,word,-
N1,特産,とくさん,특산,word,-
N1,問い詰,とつめる,"캐묻다, 추궁하다, 따지다",word,-
N1,改修,かいしゅう,"개수, 수리, 보수",word,-
N1,手厚い,てあつい,"극진하다, 융숭하다",word,-
N1,デマ,デマ,"헛소문, 유언비어, 가짜 뉴스",word,-
N1,風潮,ふうちょう,풍조,word,-
N1,もたらす,もたらす,"가져오다, 초래하다",word,-
N1,撤回,てっかい,철회,word,-
N1,補填,ほてん,"보전손실, 적자 등 부족한 부분을 채움",word,-
N1,ずばり,ずばり,"정곡, 핵심 등을 정확히",word,-
N1,コンスタント,コンスタント,일정한 모양,word,-
N1,加工,かこう,가공,word,-
N1,養う,やしなう,"기르다, 양육하다",word,-
N1,資質,ししつ,자질,word,-
N1,ありきたり,ありきたり,"흔함, 평범함",word,-
N1,間柄,あいだがら,"사이, 관계",word,-
N1,正当,せいとう,정당,word,-
N1,いただく,いただく,받다 <겸양>,word,-
N1,お詫び申し上げる,わもうあげる,사죄의 말씀을 드리다 <겸양>,word,-
N1,～きわまりない~,～きわまりない~,하기 그지없다,word,-
N1,～するまま~,～するまま~,하는 대로,word,-
N1,～では~,～では~,로는,word,-
N1,～でもしたら~,～でもしたら~,라도 하게 되면,word,-
N1,～にしても~,～にしても~,라고 할지라도,word,-
N1,～はしない~,～はしない~,하지는 않겠다,word,-
N1,～べきだ~,～べきだ~,해야 한다,word,-
N1,～ものか~,～ものか~,하지 않겠다,word,-
N1,いっさい～ない,いっさい～ない,일절 ~하지 않는다,word,-
N1,～かというと~,～かというと~,인가 하면,word,-
N1,～する思いだ~,おもいだ~,하는 심정이다,word,-
N1,～つつある~,～つつある~,하는 중이다,word,-
N1,～ではないか~,～ではないか~,"하지 않아 <의문, 반문>",word,-
N1,～として~,～として~,라고 하여,word,-
N1,～にすぎない~,～にすぎない~,에 지나지 않는다,word,-
N1,～はずだ~,～はずだ~,할 것이다 <확신>,word,-
N1,～ほどのことではない~,～ほどのことではない~,할 정도의 일이 아니다,word,-
N1,～を機に~,きに~,"을 계기로, ~을 기회로",word,-
N1,～あげく~,～あげく~,한 끝에,word,-
N1,思えるくらい,おもえるくらい,생각이 들 정도로,word,-
N1,～かっていうと~,～かっていうと~,인가 하면,word,-
N1,～(さ)せられる~,～(さ)せられる~,하게 되다 <사역수동>,word,-
N1,～する以上,いじょう,~ 하는 이상,word,-
N1,～でしかない~,～でしかない~,밖에 되지 않는다,word,-
N1,～と~,～と~,라는내용 제시,word,-
N1,～といったところだ~,～といったところだ~,라는 정도다,word,-
N1,～ないでもない~,～ないでもない~,않는 것도 아니다,word,-
N1,～につけ~,～につけ~,할 때마다,word,-
N1,～ていただく~,～ていただく~,해 주시다,word,-
N1,～わけではない~,～わけではない~,인 것은 아니다,word,-
N1,～を受けて~,うけて~,"을 반영하여, ~의 영향을 받아",word,-
N1,お～する,お～する,제공하다 <겸양>,word,-
N1,～がたい~,～がたい~,하기 곤란하다,word,-
N1,～こととする~,～こととする~,하기로 하다,word,-
N1,～した＋ではないか,～した＋ではないか,하는 것이 아닌가! <놀람>,word,-
N1,つもり,つもり,"생각, 작정",word,-
N1,～ではあるまいし~,～ではあるまいし~,도 아닐 테고,word,-
N1,～とあって~,～とあって~,라서 <원인>,word,-
N1,～としても~,～としても~,라고는 해도,word,-
N1,～ならではの~,～ならではの~,"다운, ~만의",word,-
N1,～願えますか~,ねがえますか~,해 주시겠습니까,word,-
N1,～ゆえに~,～ゆえに~,때문에,word,-
N1,～わけにはいかない~,～わけにはいかない~,할 수는 없다,word,-
N1,あがる,あがる,찾아뵙다 <겸양>,word,-
N1,～かねる~,～かねる~,하기 곤란하다,word,-
N1,ご変更願いたい,へんこうねがいたい,변경을 부탁드리고 싶다,word,-
N1,～ざる~,～ざる~,할 수 없는,word,-
N1,～そうになる~,～そうになる~,할 것 같이 되다,word,-
N1,～だろうと～だろうと~,～だろうと～だろうと~,이든 ~이든,word,-
N1,～といいましょうか~,～といいましょうか~,라고나 할까,word,-
N1,～に伴って~,ともなって~,에 따라서,word,-
N1,まず～ない,まず～ない,거의 ~않는다,word,-
N1,AもAA,AもAA,도 A <A를 강조>,word,-
N1,いたす,いたす,하다 <겸양>,word,-
N1,～から言えば~,いえば~,로 보아,word,-
N1,～させられる~,～させられる~,하게 되다 <사역수동>,word,-
N1,～そうにない~,～そうにない~,할 것 같지 않다,word,-
N1,～ためを思って~,おもって~,"을 위해서, ~을 염려하여",word,-
N1,～てほしいものだ~,～てほしいものだ~,해 주었으면 좋겠다,word,-
N1,～べく~,～べく~,하기 위해서,word,-
N1,～も~,～も~,도 <강조>,word,-
N1,もらってやってください,もらってやってください,받아 주세요,word,-
N1,～ようがない~,～ようがない~,할 방도가 없다,word,-
N1,おっしゃってくださる,おっしゃってくださる,말씀해 주시다 <존경>,word,-
N1,かつ,かつ,"및, 또한",word,-
N1,ご覧になる,らんになる,보시다 <존경>,word,-
N1,～だけでも~,～だけでも~,만으로도,word,-
N1,～とあっては~,～とあっては~,"라서, ~때문에",word,-
N1,どうしたものか,どうしたものか,어떻게 하면 좋을까,word,-
N1,～とく~,～とく~,해 두다 <～ておく의 축약>,word,-
N1,～(さ)せてくれる~,～(さ)せてくれる~,하게 해 주다,word,-
N1,～にもほどがある~,～にもほどがある~,에도 정도가 있다,word,-
N1,AをAで終わらせないA,お,를 A만으로 끝내지 않겠다,word,-
N1,思われる,おもわれる,생각이 들다,word,-
N1,存じる,ぞんじる,생각하다 <겸양>,word,-
N1,～だけに~,～だけに~,인 만큼 <당연>,word,-
N1,～といったらない,～といったらない,몹시 ~하다,word,-
N1,～と思いきや~,おもいきや~,라고 생각했더니,word,-
N1,～とするか~,～とするか~,하기로 할까 <결심>,word,-
N1,～に言わせると~,いわせると~,"의 이야기로는, ~의 의견으로는",word,-
N1,はたして～だろうか,はたして～だろうか,과연 ~할까,word,-
N1,～をもって~,～をもって~,로 <시간>,word,-
N1,するかしないかのころ,するかしないかのころ,막 ~했을 무렵,word,-
N1,頂戴する,ちょうだいする,받다 <겸양>,word,-
N1,AというA,AというA,모든 A는,word,-
N1,どうやら,どうやら,아무래도,word,-
N1,～なくはない~,～なくはない~,않는 것도 아니다,word,-
N1,～ものを~,～ものを~,텐데,word,-
N1,～てまいる~,～てまいる~,해 가다 <겸양>,word,-
N1,～たら～たで~,～たら～たで~,하면 하는 대로,word,-
N1,～ておらず~,～ておらず~,하지 않고 <상태>,word,-
N1,～てならない,～てならない,너무 ~하다,word,-
N1,～といっても過言ではない~,かごんではない~,라고 해도 과언이 아니다,word,-
N1,～ないで済む~,すむ~,하지 않아도 된다,word,-
N1,～にしては~,～にしては~,치고는,word,-
N1,～もん~,～もん~,라니까 <감정 표현>,word,-
N1,～ようとも~,～ようとも~,할지라도,word,-
N1,～を最後に~,さいごに~,을 끝으로,word,-
N1,思い出される,おもだされる,생각이 떠오르다,word,-
N1,存じ上げる,ぞんあげる,알고 있다 <겸양>,word,-
N1,～だろうか~,～だろうか~,한 것일까,word,-
N1,～ていただけると助かります~,たすかります~,해 주시면 좋겠습니다 <겸양>,word,-
N1,～てしまわないか~,～てしまわないか~,해버리지 않을래,word,-
N1,～に決まっている~,きまっている~,"할 것임에 틀림없다, ~하게 되어 있다",word,-
N1,～べき~,～べき~,해야 할,word,-
N1,～ものだ~,～ものだ~,로구나 <감동>,word,-
N1,大人は大人で,おとなおとな,어른은 어른대로 <고유한 상태>,word,-
N1,決して～ない,けっ,결코 ~않는다,word,-
N1,～だけあって~,～だけあって~,인 만큼 <당연>,word,-
N1,～でいい~,～でいい~,"로 좋다, ~면 된다 <선택>",word,-
N1,～てからでは~,～てからでは~,하고 나서는,word,-
N1,～ても始まらない~,はじまらない~,해도 어쩔 수가 없다 <무의미>,word,-
N1,～なければ～ことはない~,～なければ～ことはない~,하지 않는다면 ~하는 일은 없다,word,-
N1,～にしてみれば~,～にしてみれば~,입장에서는,word,-
N1,まるで～ない,まるで～ない,전혀 ~않는다,word,-
N1,おいでになる,おいでになる,계시다 <존경>,word,-
N1,～しかない~,～しかない~,할 수밖에 없다,word,-
N1,～ては~,～ては~,하면,word,-
N1,～というものではない~,～というものではない~,인 것은 아니다,word,-
N1,～ともなれば/～ともなると~,～ともなれば/～ともなると~,라도 되면,word,-
N1,もっとも,もっとも,다만,word,-
N1,～ものの~,～ものの~,이지만,word,-
N1,～ように~,～ように~,하기를 <희망>,word,-
N1,～(さ)せてもらう~,～(さ)せてもらう~,하다 <겸양>,word,-
N1,～次第では,しだいでは,명사 + 次,word,-
N1,第,しだい,~ 에 따라서는,word,-
N1,～てみせる~,～てみせる~,하고야 말겠다,word,-
N1,～に越したことはない~,こしたことはない~,이 최고다,word,-
N1,～もしない~,～もしない~,도 하지 않는다,word,-
N1,～ものと思われる~,おもわれる~,할 것으로 생각된다 <확신>,word,-
N1,～も～も~,～も～も~,도 ~도,word,-
N1,～(よ)うと~,～(よ)うと~,할지라도,word,-
N1,～をよそに~,～をよそに~,"을 뒷전으로 하고, ~에도 아랑곳하지 않고",word,-
N1,～かぎり~,～かぎり~,하는 한,word,-
N1,～っこない~,～っこない~,할 리가 없다,word,-
N1,～末に~,すえに~,한 끝에,word,-
N1,～とすれば~,～とすれば~,라고 한다면,word,-
N1,～において~,～において~,에 있어서,word,-
N1,～は否めない~,いなめない~,은 부정할 수 없다,word,-
N1,～ようにする~,～ようにする~,하도록 하다,word,-
N1,～きれる,～きれる,전부 ~할 수 있다,word,-
N1,ご説明なさる,せつめいなさる,설명하시다 <존경>,word,-
N1,なんら～ない,なんら～ない,아무런 ~없다,word,-
N1,～ぬく,～ぬく,끝까지 ~하다,word,-
N1,～ばかりとなる~,～ばかりとなる~,하기만 하면 된다,word,-
N1,～に先だち~,さきだち~,에 앞서,word,-
N1,～が＋ゆえに~,～が＋ゆえに~,"이기에, ~때문에",word,-
N1,～んなら(＝のなら)~,～んなら(＝のなら)~,것이라면,word,-
N1,～(さ)せる~,～(さ)せる~,시키다,word,-
N1,お＋ます,お＋ます,형＋願,word,-
N1,う~,ねがう~,"해 주세요, ~해 주시기 원합니다",word,-
N1,～ないまでも~,～ないまでも~,까지는아니더라도,word,-
N1,～た＋つもり~,～た＋つもり~,"한셈, ~했다는생각",word,-
N1,～なんか/～んじゃなかった~,～なんか/～んじゃなかった~,같은 것 / ~하는 게 아니었다 <후회>,word,-
N1,～と＋している~,～と＋している~,"라고 하고 있다 <주장,생각>",word,-
N1,～と引きかえに~,ひきかえに~,와 맞바꾸어,word,-
N1,なにも～ない,なにも～ない,구태여~하지 않다,word,-
N1,～ったって~,～ったって~,라고 해도,word,-
N1,なんと～ことか,なんと～ことか,얼마나 ~인가,word,-
N1,そうかと思えば,おもえば,그런가 싶더니,word,-
N1,～をいいことに~,～をいいことに~,을 틈타,word,-
N1,～せていただく~,～せていただく~,하다,word,-
N1,～しかあるまい~,～しかあるまい~,밖에 없겠지,word,-
N1,～ばよかったのに~,～ばよかったのに~,하면 좋았을 텐데,word,-
N1,～に~,～に~,에 <추가>,word,-
N1,なかなか,なかなか,꽤,word,-
N1,～ところだった~,～ところだった~,할 뻔 했다,word,-
N1,～かねない~,～かねない~,할 지도 모른다,word,-
N1,～にも～ない~,～にも～ない~,할래야 ~할 수 없다,word,-
N1,～までになる~,～までになる~,하기까지 되다,word,-
N1,～なきゃ~,～なきゃ~,하지 않으면,word,-
N1,～ておけばいい~,～ておけばいい~,해 두면 된다,word,-
N1,～おそれがある~,～おそれがある~,우려가 있다,word,-
N1,～こそ～が,～こそ～が,비록 ~은 ~이지만,word,-
N1,～ことだから~,～ことだから~,이니까,word,-
N1,どうやら～ようだ,どうやら～ようだ,아무래도 ~인 것 같다,word,-
N1,～ないものか~,～ないものか~,못하는가,word,-
N1,～じゃない~,～じゃない~,지 않아,word,-
N1,～とかで~,～とかで~,라는 이유로,word,-
N1,～たり～なかったり~,～たり～なかったり~,하거나 ~안 하거나,word,-
N1,危うく～ところだった,あや,하마터면 ~할뻔했다,word,-
N1,～ってわけじゃない~,～ってわけじゃない~,인 것은 아니다,word,-
N1,～を余儀なくされる,よぎなくされる,어쩔 수 없이 ~할 수밖에 없다,word,-
N1,そう～ない,そう～ない,그렇게 ~하지 않다,word,-
N1,～を控えて~,ひかえて~,을 앞두고,word,-
N1,～でもあるまい~,～でもあるまい~,도 아니다,word,-
N1,～ことと存じます~,ぞんじます~,이시리라 생각합니다,word,-
N1,～たとたんに~,～たとたんに~,하자마자,word,-
N1,～べきところを~,～べきところを~,해야 하는 상황을,word,-
N1,～んじゃなかった,～んじゃなかった,괜히 ~했다,word,-
N1,～ないともかぎらない~,～ないともかぎらない~,하지 말라는 법도 없다,word,-
N1,～たばかりに~,～たばかりに~,한 탓에,word,-
N1,それが,それが,그게 〈변명〉,word,-
N1,～をもってすれば~,～をもってすれば~,가 있으면,word,-
N1,～ないうちから~,～ないうちから~,하기 전부터,word,-
N1,～くせに~,～くせに~,이면서,word,-
N1,～ている~,～ている~,한 적이 있다,word,-
N1,～どころではない~,～どころではない~,할 상황이 아니다,word,-
N1,～ってもんだ~,～ってもんだ~,라는 것이다,word,-
N1,～ならまだしも~,～ならまだしも~,라면 모르나,word,-
N1,～極まりない~,きわまりない~,하기 짝이 없다,word,-
N1,～を皮切りに~,かわきりに~,을 필두로,word,-
N1,～あまり~,～あまり~,한 나머지,word,-
N1,～て～ないことはない~,～て～ないことはない~,하려면 ~못 할 것은 없다,word,-
N1,～にすぎまい~,～にすぎまい~,에 불과할 것이다,word,-
N1,～次第です~,しだいです~,인 바입니다,word,-
N1,～はどうあれ~,～はどうあれ~,은 어쨌든,word,-
N1,～かと思いきや~,おもいきや~,할 줄 알았더니,word,-
N1,～といて~,～といて~,해 두고,word,-
N1,おいでいただく,おいでいただく,오시다,word,-
N1,～きれない~,～きれない~,할 수 없다,word,-
N1,～ぐらいだ~,～ぐらいだ~,정도이다,word,-
N1,いっさい,いっさい,"일절, 전혀",word,-
N1,～と相まって~,あいまって~,과 아우러져,word,-
N1,～ことから~,～ことから~,라서,word,-
N1,見込み,みこみ,"예상, 전망",word,-
N1,～てはいられない~,～てはいられない~,하고 있을 수는 없다,word,-
N1,～んだっけ~,～んだっけ~,하는 거지,word,-
N1,～つもりはない~,～つもりはない~,할 생각은 없다,word,-
N1,～をも~,～をも~,도,word,-
N1,いつか,いつか,언젠가,word,-
N1,～まま~,～まま~,하는 채,word,-
N1,～を除いて~,のぞいて~,을 제외하고,word,-
N1,～とは存じます~,ぞんじます~,이시리라 생각합니다,word,-
N1,～てからというもの~,～てからというもの~,하고 나서부터,word,-
N1,～っぱなしだ~,～っぱなしだ~,한 채이다,word,-
N1,～なんてもんじゃない,～なんてもんじゃない,매우 ~하다,word,-
N1,～に思う~,おもう~,로 생각하다,word,-
N1,～からしか～ない~,～からしか～ない~,에서 밖에 ~않다,word,-
N1,そのものだ,そのものだ,그 자체이다,word,-
N1,～うちに~,～うちに~,하는 사이에,word,-
N1,～ところ~,～ところ~,"때, ~상황에",word,-
N1,～んじゃないか~,～んじゃないか~,하는 게 아닌가,word,-
N1,～なくもない~,～なくもない~,못할 것도 없다,word,-
N1,おいでくださる,おいでくださる,와 주시다,word,-
N1,～たつもり~,～たつもり~,"한 셈, ~한 기분",word,-
N1,～あっての~,～あっての~,있고 나서,word,-
N1,～返す,かえす,되풀이하여 ~하다,word,-
N1,～てばかりいる~,～てばかりいる~,만 하고 있다,word,-
N1,～といたしましては~,～といたしましては~,로서는,word,-
N1,～はいいが~,～はいいが~,하긴 했는데,word,-
N1,～思いをする~,おもいをする~,기분이 들다,word,-
N1,見える,みえる,오시다,word,-
N1,～ようとしている~,～ようとしている~,하려 하다,word,-
N1,～はする~,～はする~,하기는 하다,word,-
N1,～にして~,～にして~,가 되어,word,-
N1,お越しになる,こしになる,오시다,word,-
N1,～かどうか~,～かどうか~,인지 아닌지,word,-
N1,～かのごとく~,～かのごとく~,인 것처럼,word,-
N1,～始末だ~,しまつだ~,꼴이다,word,-
N1,～だけのことだ~,～だけのことだ~,일 뿐이다,word,-
N1,～ことはない~,～ことはない~,할 필요 없다,word,-
N1,～だけ無駄だ~,むだだ~,할 필요 없다,word,-
N1,～なり~,～なり~,하자마자,word,-
N1,～恐れがある~,おそれがある~,할 우려가 있다,word,-
N1,～ところだ~,～ところだ~,상황이다,word,-
N1,～という~,～という~,라고 한다,word,-
N1,～てはならない~,～てはならない~,해서는 안 된다,word,-
N1,～なんかでいい~,～なんかでいい~,로 괜찮다,word,-
N1,～からには~,～からには~,하는 이상에는,word,-
N1,～というような~,～というような~,와 같은,word,-
N1,～によるところが大きい~,おおきい~,에 의한 바가 크다,word,-
N1,～からして~,～からして~,부터가,word,-
N1,～さえ～ば~,～さえ～ば~,만 ~하면,word,-
N1,～って(＝という)~,～って(＝という)~,라는,word,-
N1,～ばかりに~,～ばかりに~,탓에,word,-
N1,～こそ~,～こそ~,야말로,word,-
N1,～となると~,～となると~,가 되면,word,-
N1,～のみならず~,～のみならず~,뿐만 아니라,word,-
N1,～次第だ~,しだいだ~,에 달려 있다,word,-
N1,～しようとしまいと~,～しようとしまいと~,하든 ~말든,word,-
N1,～つもり~,～つもり~,하는 생각,word,-
N1,～と(＝でも)~,～と(＝でも)~,라고~라도,word,-
N1,～ばこそ~,～ばこそ~,하기에,word,-
N1,～しようと~,～しようと~,할지라도,word,-
N1,～て参る~,まいる~,해 가다 <겸양>,word,-
N1,～にあって~,～にあって~,에서,word,-
N1,～(よ)うにできない~,～(よ)うにできない~,하려고 해도 할 수 없다,word,-
N1,～からすれば~,～からすれば~,로 보아,word,-
N1,すくなからぬ,すくなからぬ,적지 않다,word,-
N1,～ついでに~,～ついでに~,하는 김에,word,-
N1,～ところを見ると~,みると~,인 상황을 보면,word,-
N1,～ながらも~,～ながらも~,하면서도,word,-
N1,～のみ~,～のみ~,"뿐, ~만",word,-
N1,～もさることながら~,～もさることながら~,도 그렇지만,word,-
N1,～ようと~,～ようと~,할지라도,word,-
N1,～ぐらい,～ぐらい,정도,word,-
N1,それっきり,それっきり,그것을 끝으로,word,-
N1,～分,ぶん,"~ 만큼 <정도, 상태>",word,-
N1,～ものがある~,～ものがある~,한 데가 있다,word,-
N1,～とは~,～とは~,라니,word,-
N1,～なくして~,～なくして~,없이,word,-
N1,～までに~,～までに~,할 정도로,word,-
N1,～からといって~,～からといって~,라고 해서,word,-
N1,～といったら~,～といったら~,로 말하자면,word,-
N1,～とみられる~,～とみられる~,로 보인다,word,-
N1,～に至る~,いたる~,에 이르다,word,-
N1,～には(＝にとっては)~,～には(＝にとっては)~,에게는,word,-
N1,～かもしれない~,～かもしれない~,할지도 모른다,word,-
N1,～なんて~,～なんて~,라니,word,-
N1,～にたえる~,～にたえる~,할 만하다,word,-
N1,～には~,～には~,"하는 경우에는, ~하려면",word,-
N1,～みたいだ~,～みたいだ~,인 것 같다,word,-
N1,～ことなく~,～ことなく~,하는 일 없이,word,-
N1,～との(＝という)~,～との(＝という)~,라는,word,-
N1,～にとって~,～にとって~,에게 있어서,word,-
N1,～への~,～への~,으로의,word,-
N1,～か否か~,いなか~,인지 어떤지,word,-
N1,～とか~,～とか~,라든가,word,-
N1,～きる,～きる,"완전히 ~하다, 전부 ~하다",word,-
N1,～だけでなく~,～だけでなく~,뿐만 아니라,word,-
N1,誰かしら,だれかしら,누군가,word,-
N1,どうだって(＝どうでも,どうだって(＝どうでも,아무래도,word,-
N1,～ほど~,～ほど~,정도,word,-
N1,～直す(を)繰り返し,なおくかえし,고치기를 반복하여 <생략>,word,-
N1,～なりに~,～なりに~,나름대로,word,-
N1,～には及ばない~,およばない~,에는 미치지 않는다,word,-
N1,ことから~,ことから~,로부터,word,-
N1,以上,いじょう,~ 하는 이상,word,-
N1,わけにはいかない~,わけにはいかない~,할 수 없다,word,-
N1,～ようだ~,～ようだ~,한 것 같다,word,-
N1,～によって~,～によって~,에 의해서,word,-
N1,～まじき~,～まじき~,해서는 안 될,word,-
N1,～つつ~,～つつ~,하면서도,word,-
N1,～ことにする~,～ことにする~,하기로 하다,word,-
N1,～と言えば~,いえば~,라고 하면,word,-
N1,要するに,ようするに,요컨대,word,-
N1,～ごとき~,～ごとき~,와 같은,word,-
N1,～ことなしに~,～ことなしに~,하지 않고,word,-
N1,～における~,～における~,의,word,-
N1,ところを,ところを,상황을,word,-
N1,～わけにもいかず~,～わけにもいかず~,할 수도 없어,word,-
N1,それで,それで,그것으로,word,-
N1,たとえ～ても,たとえ～ても,설령 ~라 해도,word,-
N1,～がちだ~,～がちだ~,하기 십상이다,word,-
N1,～かといえば~,～かといえば~,냐 하면,word,-
N1,～としては~,～としては~,로서는,word,-
N1,きっかけ,きっかけ,계기,word,-
N1,～ことは～が~,～ことは～が~,하기는 ~했지만,word,-
N1,～くらい~,～くらい~,정도로,word,-
N1,～についてなら~,～についてなら~,에 관해서라면,word,-
N1,ともかく,ともかく,어쨌든,word,-
N1,何かしら,なにかしら,무언가,word,-
N1,～ために~,～ために~,하기 위해,word,-
N1,～なかったりで~,～なかったりで~,없거나 해서,word,-
N1,～うえで~,～うえで~,하는 데 있어,word,-
N1,～てまで~,～てまで~,하면서까지,word,-
N1,無理に,むりに,억지로,word,-
N1,～ないように~,～ないように~,하지 않도록,word,-
N1,～までもない~,～までもない~,할 필요도 없다,word,-
N1,～だってこと~,～だってこと~,라는 사실,word,-
N1,～だろうに~,～だろうに~,일 텐데,word,-
N1,そのものも,そのものも,그 자체도,word,-
N1,～というところで~,～というところで~,라는 상황에서,word,-
N1,～にあたって~,～にあたって~,에 즈음하여,word,-
N1,～べきか~,～べきか~,해야 할 것인가,word,-
N1,～いうことだ~,～いうことだ~,라는 것이다,word,-
N1,～に応える~,こたえる~,에 부응하다,word,-
N1,～だったら~,～だったら~,라면,word,-
N1,～ぐらいで~,～ぐらいで~,정도로,word,-
N1,～たりしないで~,～たりしないで~,하거나 하지 말고,word,-
N1,～というものだ~,～というものだ~,라는 것이다,word,-
N1,そのうち,そのうち,곧,word,-
N1,～中で~,なかで~,중에,word,-
N1,～のみに~,～のみに~,만에,word,-
N1,～限り~,かぎり~,한,word,-
N1,～ばこそ,～ばこそ,하기에 〈이유 강조〉,word,-
N1,～かのような~,～かのような~,인 것 같은,word,-
N1,～も～ば～も(1)~,～も～ば～も(1)~,도 ~하고 ~이고 ~도,word,-
N1,～ほどの~,～ほどの~,정도의,word,-
N1,～や～といったろ~,～や～といったろ~,나 ~같은,word,-
N1,～こともあって~,～こともあって~,이기도 해서,word,-
N1,～かどうかは~,～かどうかは~,할지 아닌지는,word,-
N1,～にかかっている~,～にかかっている~,에 달려있다,word,-
N1,～こともある~,～こともある~,경우도 있다,word,-
N1,～反面,はんめん,~ 인 반면,word,-
N1,あまりに,あまりに,너무,word,-
N1,かえって,かえって,도리어,word,-
N1,～に居ながらにして~,いながらにして~,에 있으면서,word,-
N1,～でさえも~,～でさえも~,조차도,word,-
N1,～にあたり~,～にあたり~,에 즈음하여,word,-
N1,今でこそ,いまでこそ,지금이야말로,word,-
N1,～との~,～との~,라는,word,-
N1,～たところ~,～たところ~,했더니,word,-
N1,～限りでは~,かぎりでは~,하는 한,word,-
N1,～に沿って~,そって~,에 따라,word,-
N1,～だけで~,～だけで~,만으로,word,-
N1,～だって~,～だって~,도,word,-
N1,しかも,しかも,게다가,word,-
N1,～に限っての~,かぎっての~,에 한해서의,word,-
N1,～を控えた~,ひかえた~,을 앞둔,word,-
N1,～のに~,～のに~,하는 데,word,-
N1,～うえに~,～うえに~,인데다,word,-
N1,～を踏まえ~,ふまえ~,에 입각하여,word,-
N1,～をはじめとする~,～をはじめとする~,을 비롯한,word,-
N1,～つつも~,～つつも~,하면서도,word,-
N1,～すぎる~,～すぎる~,지나치다,word,-
N1,～がゆえに~,～がゆえに~,라서,word,-
N1,～というと~,～というと~,라고 하면,word,-
N1,～と思ったら~,おもったら~,한 줄 알았더니,word,-
N1,どんなに～でも,どんなに～でも,아무리 ~라도,word,-
N1,～ないことには~,～ないことには~,하지 않고서는,word,-
N1,～も～ないも~,～も～ないも~,하지 않는 것도,word,-
N1,通う人もいるほどだ,かよひともいるほどだ,다니는 사람도 있을 정도다,word,-
N1,～てしまうだけである~,～てしまうだけである~,되어 버릴 뿐이다,word,-
N1,その結果,けっか,그 결과,word,-
N1,対等,たいとう,대등,word,-
N1,とはいえ,とはいえ,그렇다고는 해도,word,-
N1,親しまれることになる,したしまれることになる,친숙해지게 된다,word,-
N1,そういう父親の子ども,ちちおやこども,그러한 아버지의 자녀,word,-
N1,それにつまずいてしまった,それにつまずいてしまった,그것에 좌절해 버렸다,word,-
N1,父ではない,ちちではない,아버지가 아니다,word,-
N1,はたして健全なのだろうか,けんぜんなのだろうか,과연 건전한 것일까,word,-
N1,あれ以来,いらい,그 이후로,word,-
N1,貸したままなのは,かしたままなのは,빌려 준 채로 있는 것은,word,-
N1,しましょうか,しましょうか,할까요,word,-
N1,入るのはいい,はいるのはいい,들어가는 것은 좋다,word,-
N1,見させてしまう,みさせてしまう,보게 만들어 버린다,word,-
N1,一方,いっぽう,한편,word,-
N1,君から,きみから,너에게서,word,-
N1,たしかに～ことは間違いない,まちがいない,분명히 ~라는 것은 틀림없다,word,-
N1,やめてほしいのだ,やめてほしいのだ,그만두었으면 좋겠다,word,-
N1,こと,こと,것,word,-
N1,そういう,そういう,그러한,word,-
N1,そして,そして,그리고,word,-
N1,～というものである~,～というものである~,인 것이다,word,-
N1,思わされた,おもわされた,생각하게 되었다,word,-
N1,～しなければ~,～しなければ~,하지 않으면,word,-
N1,そうだろうか,そうだろうか,그럴까,word,-
N1,なぜならば,なぜならば,왜냐하면,word,-
N1,朝だと思って頂きたい,あさおもいただきたい,아침이라고 생각해 주었으면 좋겠다,word,-
N1,いつごろになろうか,いつごろになろうか,언제쯤이 될 것인가,word,-
N1,買ってきましょう,かってきましょう,사 옵시다,word,-
N1,気にかかるといっても,きにかかるといっても,신경이 쓰인다고는 해도,word,-
N1,その上で,うえで,그후에,word,-
N1,いたっていいんです,いたっていいんです,있어도 되는 것입니다,word,-
N1,気が揉めるのである,きもめるのである,마음을 졸이게 되는 것이다,word,-
N1,すると,すると,그러면,word,-
N1,よだれを流して迎えてくれる,ながむかえてくれる,침을 흘리며 맞이해 준다,word,-
N1,嬉しそうにこういった,うれしそうにこういった,기쁜 듯이 이렇게 말했다,word,-
N1,子供ながらに感じた,こどもかんじた,어린 마음에 느꼈다,word,-
N1,そこで,そこで,그래서,word,-
N1,助かった,たすかった,도움이 되었다,word,-
N1,～でもないのかもしれない~,～でもないのかもしれない~,도 아닐지도 모른다,word,-
N1,全然悪くなかったのだ,ぜんぜんわるくなかったのだ,전혀 나쁘지 않은 것이다,word,-
N1,そんな日には,ひには,그런 날에는,word,-
N1,出会えたと思った,であおもった,만날 수 있었다고 생각했다,word,-
N1,一冊といえる,いっさつといえる,한 권이라고 말할 수 있다,word,-
N1,こうして,こうして,이렇게 해서,word,-
N1,すなわち,すなわち,"즉, 이를테면",word,-
N1,聞くだけだった,きくだけだった,들을 뿐이었다,word,-
N1,"「じゃあね」はないだろう""","「じゃあね」はないだろう""","그럼 잘 가""는 말이 안 되잖아",word,-
N1,育ち続けるに違いない,そだつづちがいない,계속 성장할 것임에 틀림없다,word,-
N1,～である~,～である~,이다,word,-
N1,～なってきたのだ,～なってきたのだ,되기 시작한 것이다,word,-
N1,あの～,あの～,그~,word,-
N1,いたらなあ,いたらなあ,있으면 좋을 텐데,word,-
N1,トイレのことだ,トイレのことだ,배변에 관한 것이다,word,-
N1,飛び出してきたのだろう,とだしてきたのだろう,뛰쳐나온 것이겠지,word,-
N1,識させられる出来事だった,しきできごとだった,인식하게 된 일이었다,word,-
N1,こちらにいえるとは限らない,かぎらない,이쪽에도 말할 수 있다고는 단정할 수 없다,word,-
N1,ところがである,ところがである,그런데 말이다,word,-
N1,～なのに,～なのに,그런데도,word,-
N1,～にとっても~,～にとっても~,에게 있어서도,word,-
N1,ある日,ひ,어느 날,word,-
N1,よく思う,おもう,자주 생각한다,word,-
N1,消すように,けすように,끄도록,word,-
N1,やつ,やつ,녀석,word,-
N1,が,が,그러나,word,-
N1,外すわけにもいかない,はずすわけにもいかない,뺄 수도 없다,word,-
N1,励ます,はげます,격려하다,word,-
N1,見つけられなかった,みつけられなかった,찾을 수 없었다,word,-
N1,一方で,いっぽうで,한편,word,-
N1,その時のことである,ときのことである,그때의 일이다,word,-
N1,こうした,こうした,이러한,word,-
N1,持っているのだ,もっているのだ,갖고 있는 것이다,word,-
N1,まず,まず,우선,word,-
N1,別の,べつの,다른,word,-
N1,いれば,いれば,있으면,word,-
N1,わかってくるはずだ,わかってくるはずだ,알게 될 것이다,word,-
N1,しかしその一方で,いっぽうで,그러나 그 한편에서,word,-
N1,わたしにとって,わたしにとって,나에게 있어,word,-
N1,もしかしたら,もしかしたら,어쩌면,word,-
N1,否定しているわけではない,ひていしているわけではない,부정하고 있는 것은 아니다,word,-
N1,生まれるからだが,うまれるからだが,생겨나기 때문이지만,word,-
N1,なり得ないのだと思う,えおもう,될 수 없는 것이라고 생각한다,word,-
N1,力である,ちからである,힘이다,word,-
N1,あるとき,あるとき,언젠가,word,-
N1,思えてきた,おもえてきた,생각되기 시작했다,word,-
N1,そういえば,そういえば,그러고 보니,word,-
N1,思ったのである,おもったのである,생각한 것이다,word,-
N1,～なら~,～なら~,라면,word,-
N1,驚くほどだ,おどろくほどだ,놀랄 정도이다,word,-
N1,片付けなくても,かたづけなくても,정리하지 않아도,word,-
N1,プロセスなのだと,プロセスなのだと,과정인 것이라고,word,-
N1,戻すことにしていこう,もどすことにしていこう,되돌리기로 해 가자,word,-
N1,そうした保育園,ほいくえん,그런 보육원,word,-
N1,入学したとたん,にゅうがくしたとたん,입학하자마자,word,-
N1,たくましく思えます,おもえます,늠름하게 생각됩니다,word,-
N1,たしかに,たしかに,확실히,word,-
N1,そのためだ,そのためだ,그 때문이다,word,-
N1,～すら~,～すら~,마저,word,-
N1,使者のようでもある,ししゃのようでもある,사신 같기도 하다,word,-
N1,小説であってもだ,しょうせつであってもだ,소설이어도 말이다,word,-
N1,褒めたり𠮟ったりする,ほしかったりする,칭찬하기도 야단치기도 한다,word,-
N1,否定せずにいられなくなる,ひていせずにいられなくなる,부정하지 않을 수 없게 된다,word,-
N1,選ばなければならない,えらばなければならない,선택해야 한다,word,-
N1,～ということだ~,～ということだ~,란 것이다,word,-
N1,小説,しょうせつ,소설,word,-
N1,アプローチかもしれない,アプローチかもしれない,접근일지도 모른다,word,-
N1,話すことで,はなすことで,이야기하는 것으로,word,-
N1,会ってこそ,あってこそ,만나야 비로소,word,-
N1,思い出してください,おもだしてください,떠올려 주세요,word,-
N1,～というわけです~,～というわけです~,라는 것입니다,word,-
N1,気を使わせられはしない,きつかわせられはしない,신경쓰게 할 수는 없다,word,-
N1,それにもかかわらず,それにもかかわらず,그럼에도 불구하고,word,-
N1,承知していれば,しょうちしていれば,알고 있으면,word,-
